Date,Location,Traffic Volume,Vehicle Type,Weather,Temperature,Speed,Accident,Holiday,Congestion Level
2025-10-16,Industrial,640,Truck,Sunny,41,59.4,No,No,Low
2024-01-31,North,399,Car,Cloudy,31,64.0,No,No,Low
2026-02-16,East,251,Truck,Sunny,21,65.0,No,No,Low
2026-05-17,South,401,Car,Rainy,30,65.0,No,No,Medium
2026-06-25,North,519,Car,Sunny,20,54.2,No,No,Low
2024-10-11,Airport,924,Truck,Sunny,40,37.0,No,No,High
2025-10-12,Industrial,906,Bus,Sunny,38,42.8,No,No,Medium
2026-05-13,Airport,995,Car,Rainy,36,38.2,No,No,High
2025-02-09,North,767,Truck,Sunny,41,53.3,No,No,Low
2024-08-12,East,984,Car,Rainy,23,34.6,No,No,High
2025-01-25,West,611,Truck,Foggy,41,55.6,Yes,No,High
2024-04-24,North,551,Bike,Sunny,34,53.0,No,No,Low
2026-05-11,West,838,Bus,Sunny,42,38.5,No,No,Medium
2024-11-27,Downtown,650,Truck,Rainy,19,48.0,No,No,Low
2026-01-19,Airport,823,Bus,Sunny,26,52.1,No,No,Low
2025-07-06,North,552,Truck,Sunny,34,56.9,No,No,Low
2024-03-06,West,191,Bus,Cloudy,19,65.4,No,Yes,Low
2024-03-13,South,771,Bike,Sunny,36,48.2,No,No,Low
2026-04-06,Downtown,287,Car,Cloudy,41,63.5,No,No,Low
2025-02-16,Airport,318,Car,Sunny,31,73.3,No,No,Low
2026-06-14,Airport,344,Car,Sunny,20,71.2,No,No,Low
2025-05-07,Downtown,460,Bus,Sunny,32,68.6,No,No,Low
2024-07-13,Downtown,823,Car,Rainy,34,40.1,No,Yes,Medium
2024-03-23,West,460,Car,Cloudy,36,54.6,No,No,Low
2024-03-24,West,552,Truck,Rainy,25,53.9,No,No,Low
2025-04-13,Downtown,407,Bike,Cloudy,35,63.7,No,No,Low
2024-12-23,South,864,Truck,Sunny,37,37.4,No,No,Medium
2024-11-02,North,502,Truck,Sunny,26,57.9,No,No,Low
2024-07-27,Airport,316,Truck,Cloudy,19,72.4,No,No,Low
2024-02-15,Airport,891,Bus,Cloudy,35,36.4,No,No,Low
2024-03-18,West,300,Car,Rainy,22,71.0,No,No,Low
2025-01-01,North,866,Car,Sunny,37,44.4,No,No,Low
2026-03-30,Downtown,1139,Bus,Rainy,39,33.4,No,No,High
2024-06-12,East,616,Car,Rainy,32,54.4,No,No,Medium
2024-01-25,East,726,Truck,Sunny,29,55.0,No,Yes,Medium
2024-12-05,South,592,Bus,Cloudy,37,58.3,Yes,No,Medium
2025-09-12,East,947,Bus,Sunny,35,40.1,Yes,No,High
2025-03-17,South,546,Truck,Cloudy,34,63.2,No,No,Low
2025-02-16,West,395,Bus,Sunny,41,65.2,No,No,Low
2025-07-15,South,625,Bus,Sunny,32,53.0,No,No,Medium
2025-04-29,Industrial,889,Car,Sunny,20,45.4,No,No,Low
2026-04-05,Downtown,632,Car,Sunny,20,52.7,No,No,Low
2025-05-21,North,671,Car,Rainy,42,50.2,No,No,Medium
2025-04-20,North,750,Car,Cloudy,35,56.0,No,No,Medium
2026-04-14,East,1012,Bike,Rainy,26,39.5,No,No,High
2025-05-11,South,633,Bike,Sunny,28,50.7,No,No,Low
2024-08-24,North,175,Bus,Sunny,31,78.0,No,No,Low
2026-02-27,Downtown,806,Bike,Cloudy,30,46.8,No,No,Low
2024-08-12,East,624,Car,Sunny,41,61.0,No,No,Low
2025-09-29,East,357,Car,Sunny,23,69.7,No,No,Low
2024-08-04,South,545,Bike,Sunny,20,51.2,No,No,Low
2024-08-17,Airport,855,Car,Rainy,18,44.8,No,No,Medium
2025-04-29,West,872,Bus,Cloudy,37,40.1,No,No,Low
2024-11-14,Downtown,282,Truck,Cloudy,40,67.7,No,No,Low
2025-12-14,West,967,Car,Rainy,35,44.3,Yes,No,High
2025-06-02,Downtown,831,Bike,Rainy,38,42.8,No,No,Medium
2024-06-29,Industrial,717,Truck,Cloudy,32,51.3,No,No,Low
2026-05-22,South,591,Bike,Sunny,30,63.4,No,No,Low
2024-07-05,South,631,Truck,Sunny,26,62.8,No,No,Low
2024-03-28,East,856,Bike,Cloudy,40,37.8,No,No,Low
2024-10-28,Industrial,700,Bus,Sunny,34,54.0,No,No,Low
2025-12-20,South,803,Truck,Sunny,41,44.9,No,No,Low
2024-08-09,South,400,Truck,Foggy,29,56.0,No,No,Medium
2024-05-09,Downtown,568,Truck,Cloudy,33,49.3,No,No,Low
2024-10-18,East,266,Truck,Sunny,33,63.4,No,Yes,Low
2025-05-18,Industrial,344,Car,Sunny,20,71.2,No,No,Low
2025-09-02,Airport,697,Bike,Cloudy,31,45.1,No,No,Medium
2026-01-27,Industrial,176,Bus,Sunny,35,65.0,No,No,Low
2025-04-06,East,307,Truck,Sunny,32,66.7,No,No,Low
2026-03-17,Industrial,223,Bus,Sunny,26,64.1,No,No,Low
2026-03-22,Industrial,646,Truck,Sunny,30,61.2,No,No,Low
2024-03-23,East,859,Truck,Cloudy,39,37.6,No,Yes,Medium
2025-08-13,East,706,Bike,Rainy,38,58.8,No,No,Medium
2025-02-22,Industrial,960,Car,Rainy,27,34.6,No,No,High
2024-03-31,South,1035,Car,Foggy,18,44.6,No,No,Medium
2024-02-25,South,431,Bike,Cloudy,35,63.8,No,No,Low
2026-06-20,Downtown,599,Car,Foggy,23,48.0,No,No,Medium
2025-02-21,Airport,867,Car,Cloudy,33,53.3,No,No,Low
2025-03-01,North,1049,Bike,Cloudy,34,34.0,No,No,Medium
2024-10-09,Airport,941,Truck,Rainy,36,49.4,No,No,Medium
2025-04-02,South,611,Truck,Cloudy,28,54.6,No,No,Medium
2025-01-27,Downtown,1241,Truck,Rainy,30,26.4,No,No,High
2024-02-07,West,650,Truck,Rainy,34,50.0,No,No,Medium
2026-06-10,Downtown,865,Bike,Rainy,30,47.4,No,No,Medium
2025-01-24,Industrial,995,Bike,Rainy,38,41.2,No,Yes,Medium
2026-02-03,Downtown,595,Car,Sunny,19,49.2,No,No,Low
2025-01-02,North,259,Bus,Cloudy,23,73.6,No,No,Low
2025-11-30,West,479,Bus,Sunny,39,66.8,No,No,Low
2025-11-24,Downtown,1130,Bike,Rainy,31,40.8,No,No,Medium
2024-07-22,Downtown,367,Bus,Sunny,40,69.3,No,No,Low
2024-01-09,Airport,750,Car,Rainy,27,53.0,No,No,Medium
2025-10-13,South,519,Bus,Cloudy,27,62.2,No,No,Low
2024-04-02,Industrial,911,Bike,Sunny,29,43.6,No,No,Medium
2024-09-20,Industrial,631,Truck,Rainy,42,58.8,No,No,Medium
2025-01-09,Downtown,477,Truck,Cloudy,39,64.9,No,No,Low
2024-04-20,East,451,Car,Cloudy,37,56.0,No,No,Low
2025-12-18,East,382,Car,Sunny,33,63.7,No,No,Low
2024-05-18,South,374,Bike,Cloudy,38,72.0,No,No,Low
2025-02-21,Industrial,516,Truck,Sunny,29,62.4,No,No,Low
2025-10-22,East,322,Truck,Sunny,32,65.1,No,No,Low
2024-01-22,North,542,Bus,Rainy,35,56.3,No,No,Low
2024-12-02,Downtown,386,Truck,Rainy,26,56.6,No,No,Low
2024-01-16,West,627,Truck,Sunny,31,48.9,No,No,Low
2025-04-04,West,867,Car,Cloudy,41,46.3,No,No,Low
2025-10-20,East,365,Bike,Sunny,32,59.4,No,No,Low
2025-09-14,North,806,Truck,Cloudy,30,48.8,No,No,Low
2025-06-01,Downtown,690,Car,Rainy,41,58.4,No,No,Medium
2025-02-27,East,602,Bike,Rainy,26,62.9,No,No,Low
2024-04-03,East,923,Car,Rainy,19,45.1,No,No,Medium
2025-02-24,Airport,589,Bike,Rainy,37,51.4,No,No,Medium
2025-06-03,Industrial,372,Bike,Sunny,29,65.1,No,No,Low
2024-08-19,Airport,313,Car,Cloudy,18,68.5,No,No,Low
2024-12-25,Airport,114,Bus,Cloudy,38,83.4,No,No,Low
2025-01-20,South,691,Bus,Sunny,36,45.4,No,No,Low
2024-06-10,Industrial,733,Car,Sunny,32,48.7,No,No,Medium
2024-04-26,Downtown,162,Truck,Cloudy,27,77.5,No,No,Low
2024-02-26,South,314,Bus,Rainy,21,72.4,No,No,Low
2024-05-12,Industrial,686,Bus,Cloudy,20,45.6,No,No,Low
2024-01-20,Airport,385,Truck,Cloudy,31,68.6,No,No,Low
2024-11-28,East,604,Truck,Sunny,36,49.8,No,No,Low
2026-06-10,South,913,Bus,Sunny,21,41.5,No,No,Medium
2024-12-25,Airport,410,Bus,Sunny,37,57.6,No,No,Low
2026-03-02,East,611,Bike,Cloudy,37,57.6,No,No,Low
2025-03-26,East,615,Truck,Rainy,20,61.4,No,No,Low
2024-02-28,Downtown,1045,Car,Cloudy,35,31.2,No,No,Medium
2026-04-09,North,552,Truck,Cloudy,32,59.9,No,No,Low
2025-05-31,Downtown,435,Bus,Rainy,37,65.6,No,No,Low
2025-01-31,Industrial,924,Car,Rainy,21,47.0,No,No,Medium
2024-09-15,West,544,Bus,Sunny,29,62.2,No,No,Low
2025-09-01,South,991,Bike,Cloudy,40,48.4,No,No,Low
2025-10-23,West,606,Truck,Sunny,28,54.8,No,No,Low
2024-06-07,Airport,267,Car,Cloudy,34,71.3,No,No,Low
2024-05-14,North,1090,Bus,Sunny,23,29.4,No,No,Medium
2025-01-08,North,667,Bike,Cloudy,25,54.3,No,No,Low
2026-05-05,Industrial,529,Bike,Cloudy,34,56.8,No,No,Low
2024-05-21,Industrial,559,Bike,Rainy,34,51.6,No,No,Low
2024-10-06,North,193,Bike,Sunny,29,65.3,No,No,Low
2025-05-29,East,690,Car,Sunny,40,48.4,No,Yes,Low
2024-02-09,Industrial,444,Bus,Rainy,20,60.2,No,No,Low
2025-07-15,West,411,Bike,Sunny,19,69.6,No,No,Low
2024-04-23,West,499,Car,Cloudy,27,63.0,No,No,Low
2025-08-07,Industrial,780,Car,Cloudy,35,56.8,No,No,Medium
2024-01-21,Downtown,554,Bike,Foggy,20,52.8,Yes,No,High
2026-01-22,Downtown,879,Truck,Cloudy,42,51.8,No,No,Low
2026-04-10,Industrial,621,Bike,Sunny,19,56.2,No,No,Medium
2025-02-11,South,629,Car,Rainy,42,56.8,No,No,Medium
2024-05-07,East,1015,Bike,Rainy,33,42.4,No,No,High
2024-09-30,East,414,Car,Sunny,27,57.4,No,No,Low
2025-11-07,East,758,Bike,Sunny,41,54.7,No,No,Low
2025-10-16,Industrial,423,Bike,Sunny,18,69.1,No,No,Low
2024-05-09,Airport,870,Truck,Sunny,22,48.2,Yes,No,Medium
2025-03-30,North,274,Truck,Sunny,21,66.0,No,No,Low
2025-06-14,Downtown,649,Truck,Rainy,37,61.0,No,No,Medium
2024-05-05,East,677,Bus,Rainy,39,55.9,No,No,Low
2025-07-17,South,937,Bus,Rainy,29,37.5,No,No,High
2026-03-22,Airport,348,Bike,Sunny,35,60.1,No,No,Low
2024-11-12,Industrial,269,Bike,Cloudy,20,63.2,No,No,Low
2025-04-22,South,422,Bus,Rainy,23,71.1,No,No,Low
2026-05-01,North,820,Truck,Sunny,29,48.2,No,No,Low
2024-09-13,West,759,Truck,Sunny,34,45.6,No,No,Low
2025-11-05,West,454,Truck,Rainy,18,61.8,No,No,Low
2026-02-24,West,796,Car,Cloudy,27,52.2,No,No,Low
2025-04-09,Downtown,287,Bus,Sunny,37,70.5,No,No,Low
2025-02-12,West,228,Car,Sunny,25,63.9,No,No,Low
2025-01-28,North,650,Bus,Rainy,24,62.0,No,No,Medium
2025-05-25,Downtown,1047,Car,Rainy,24,31.1,No,No,Medium
2024-10-15,Airport,396,Bike,Sunny,22,67.2,No,Yes,Low
2025-01-09,Downtown,694,Bus,Sunny,32,47.2,No,No,Low
2024-04-09,Airport,683,Truck,Cloudy,37,60.7,No,No,Low
2024-02-16,Industrial,406,Truck,Rainy,34,65.8,No,No,Low
2025-02-06,Airport,1109,Truck,Cloudy,33,36.6,No,No,Medium
2026-04-15,South,1005,Car,Foggy,41,31.8,No,No,High
2025-04-30,Airport,1256,Bus,Rainy,38,33.8,No,No,High
2026-04-21,Downtown,819,Car,Sunny,31,52.2,No,No,Medium
2026-03-04,Airport,983,Car,Rainy,39,44.7,No,No,Medium
2024-06-26,South,486,Truck,Cloudy,40,67.6,No,No,Low
2024-09-09,South,748,Bus,Rainy,40,57.1,No,No,Medium
2025-05-06,Airport,610,Truck,Sunny,30,51.6,No,No,Low
2024-02-13,Downtown,777,Truck,Rainy,24,48.9,No,No,Medium
2025-12-13,Downtown,491,Bus,Sunny,38,55.4,No,No,Low
2024-12-04,Downtown,967,Bus,Sunny,31,48.3,No,No,Medium
2025-10-28,South,433,Truck,Cloudy,36,55.7,No,No,Low
2025-03-03,Airport,220,Bike,Rainy,27,72.2,No,No,Medium
2025-09-09,South,775,Bike,Foggy,22,49.0,No,No,Medium
2026-04-08,North,507,Bike,Cloudy,28,57.7,Yes,No,Medium
2025-09-17,Airport,325,Bike,Cloudy,23,69.0,No,No,Low
2024-01-07,North,948,Bike,Rainy,41,42.1,No,No,Medium
2025-12-10,Industrial,734,Car,Cloudy,40,45.6,No,No,Low
2025-01-11,North,844,Bus,Cloudy,29,53.2,No,No,Medium
2026-04-01,Airport,652,Bus,Cloudy,34,56.9,No,No,Low
2025-07-31,Airport,541,Bus,Cloudy,34,56.4,No,No,Low
2025-05-15,East,750,Car,Cloudy,19,51.0,No,No,Low
2025-02-09,Industrial,689,Bus,Cloudy,20,46.4,No,Yes,Low
2024-02-02,North,971,Bus,Rainy,31,45.2,No,No,Medium
2026-06-09,Downtown,597,Bus,Cloudy,35,52.1,No,No,Low
2026-05-04,South,430,Bike,Cloudy,25,65.8,No,No,Low
2024-10-09,Airport,358,Car,Sunny,18,59.7,No,No,Low
2025-08-31,West,355,Car,Sunny,35,58.8,No,Yes,Low
2025-05-30,Airport,773,Truck,Cloudy,25,45.1,No,No,Medium
2024-08-14,South,874,Car,Cloudy,23,50.0,No,No,Medium
2025-05-22,Industrial,583,Bike,Rainy,22,53.7,No,No,Medium
2025-04-29,South,1065,Bus,Rainy,31,33.4,No,No,High
2024-09-05,South,568,Car,Rainy,41,57.3,No,No,Low
2025-11-20,Downtown,584,Car,Sunny,35,54.6,No,No,Low
2024-11-06,North,978,Car,Rainy,40,38.9,No,No,High
2024-09-02,Airport,739,Truck,Sunny,26,57.4,No,No,Low
2024-04-10,Airport,595,Truck,Rainy,36,52.2,No,No,Low
2024-09-24,West,618,Bike,Sunny,36,57.3,No,No,Low
2026-02-20,Industrial,936,Bike,Cloudy,22,49.6,No,No,Medium
2026-06-29,Downtown,351,Car,Rainy,19,62.0,No,Yes,Low
2024-03-10,Downtown,924,Bus,Cloudy,39,50.0,No,No,Medium
2024-01-17,West,205,Bike,Sunny,27,76.8,No,No,Low
2024-04-19,North,486,Bus,Sunny,26,63.6,No,No,Low
2025-04-15,Industrial,295,Bus,Sunny,38,72.2,No,No,Low
2025-01-21,Downtown,843,Car,Rainy,38,41.3,No,No,Medium
2024-02-13,Airport,940,Bike,Sunny,26,35.4,No,No,Medium
2026-05-20,North,527,Bus,Rainy,20,57.9,No,No,Medium
2026-05-04,West,821,Truck,Sunny,40,55.2,No,No,Low
2024-02-24,North,401,Car,Sunny,30,64.0,No,No,Low
2025-05-17,West,948,Bike,Sunny,20,41.1,No,No,Low
2024-03-25,East,788,Bus,Rainy,18,51.5,No,No,Medium
2024-04-14,North,241,Bike,Sunny,18,64.4,No,No,Low
2025-09-04,Downtown,454,Truck,Sunny,35,69.8,No,No,Low
2025-12-02,North,449,Truck,Sunny,31,63.0,No,No,Low
2026-03-12,South,323,Bus,Rainy,32,68.1,No,No,Low
2025-02-09,East,702,Truck,Sunny,38,52.9,No,No,Low
2025-09-09,East,933,Truck,Sunny,41,49.7,No,No,Medium
2026-03-11,East,715,Truck,Rainy,36,48.4,No,No,Medium
2024-01-28,Industrial,876,Bus,Sunny,31,41.0,No,No,Low
2024-09-04,North,938,Bike,Rainy,33,50.5,No,Yes,Medium
2025-07-10,Industrial,878,Car,Sunny,23,37.9,No,No,Medium
2025-10-22,East,497,Truck,Foggy,26,68.1,Yes,No,High
2025-08-17,North,610,Bike,Sunny,40,58.6,No,No,Low
2025-05-09,East,527,Car,Sunny,27,56.9,No,No,Low
2025-05-09,Downtown,936,Bike,Rainy,19,34.6,No,No,High
2025-10-25,Airport,427,Bus,Rainy,35,67.9,No,No,Low
2024-08-25,North,377,Bus,Cloudy,37,69.9,Yes,No,Medium
2024-01-05,North,776,Truck,Rainy,21,52.0,No,No,Medium
2024-07-20,South,611,Bike,Cloudy,37,50.6,No,No,Low
2024-12-26,North,361,Truck,Rainy,28,66.6,No,No,Low
2024-07-06,North,720,Bike,Sunny,23,48.2,No,No,Medium
2024-06-19,North,193,Bus,Sunny,29,68.3,Yes,No,Medium
2026-04-14,West,602,Bike,Sunny,32,49.9,No,No,Medium
2024-02-01,Downtown,1197,Truck,Sunny,36,39.1,No,No,High
2025-06-07,Downtown,416,Truck,Rainy,42,69.4,No,No,Medium
2024-08-11,Industrial,261,Bus,Sunny,29,64.6,No,No,Low
2024-08-02,Industrial,522,Truck,Rainy,37,57.1,No,No,Low
2026-04-04,South,502,Truck,Cloudy,27,59.9,No,No,Low
2025-11-26,Airport,1119,Bike,Rainy,22,31.2,No,No,High
2024-05-29,Airport,895,Bus,Rainy,36,49.2,No,No,Medium
2025-04-07,Airport,649,Car,Sunny,29,56.0,No,No,Medium
2024-01-03,Industrial,522,Bike,Cloudy,35,64.1,No,No,Low
2025-05-21,Airport,819,Truck,Sunny,33,40.2,No,No,Low
2024-04-11,Downtown,563,Car,Rainy,31,53.5,No,No,Low
2024-06-11,Industrial,394,Truck,Sunny,23,65.2,No,No,Low
2025-03-15,Industrial,765,Car,Sunny,25,55.4,No,No,Low
2024-01-09,Airport,472,Car,Foggy,20,55.1,No,No,Low
2024-04-15,South,789,Bus,Sunny,38,42.4,No,No,Medium
2025-07-30,Industrial,638,Bus,Sunny,22,60.5,No,No,Low
2024-03-29,Airport,266,Car,Cloudy,28,69.4,No,No,Low
2024-09-11,West,720,Truck,Rainy,39,59.2,No,No,Medium
2025-06-05,East,664,Truck,Cloudy,25,48.4,No,No,Low
2025-05-26,Downtown,663,Car,Foggy,36,50.5,No,No,Medium
2026-02-27,West,651,Car,Sunny,30,62.0,No,No,Low
2025-03-09,Downtown,356,Bus,Sunny,24,67.8,No,No,Low
2025-08-23,Industrial,181,Car,Sunny,25,66.8,No,No,Low
2024-04-28,West,253,Car,Sunny,21,65.9,No,No,Low
2024-06-16,West,1036,Truck,Sunny,26,33.6,No,No,Medium
2024-12-09,West,656,Car,Sunny,33,56.8,No,No,Low
2025-05-26,South,416,Bus,Sunny,41,71.4,No,No,Low
2024-02-15,Downtown,831,Bike,Sunny,19,51.8,No,No,Low
2024-11-25,Industrial,1039,Truck,Sunny,34,31.4,No,Yes,Medium
2024-08-16,East,537,Car,Rainy,27,64.5,No,No,Low
2025-01-12,West,567,Truck,Rainy,33,56.3,No,No,Low
2024-01-07,North,255,Truck,Cloudy,28,73.8,Yes,No,Medium
2024-04-16,North,249,Bike,Cloudy,40,63.0,No,Yes,Low
2026-05-15,Industrial,359,Truck,Cloudy,34,69.6,No,No,Low
2025-08-29,East,1169,Bus,Sunny,30,35.2,No,No,Medium
2025-04-08,Downtown,523,Bus,Sunny,21,65.1,No,No,Low
2025-02-20,South,427,Bus,Cloudy,20,63.9,No,No,Low
2024-02-11,North,949,Car,Rainy,19,42.0,No,No,Medium
2024-02-01,West,87,Bus,Sunny,21,75.5,No,No,Low
2024-07-21,Industrial,176,Car,Cloudy,18,79.0,No,No,Low
2024-04-04,Downtown,591,Bike,Sunny,41,48.4,No,No,Low
2025-11-30,South,372,Bus,Rainy,22,64.1,No,No,Low
2025-05-25,East,661,Car,Sunny,38,45.6,No,No,Low
2026-03-11,East,250,Bike,Sunny,26,72.0,No,No,Low
2024-08-12,Downtown,225,Bike,Cloudy,23,70.0,No,No,Low
2025-06-30,Airport,300,Bus,Cloudy,23,70.0,No,No,Low
2025-08-28,Industrial,822,Truck,Rainy,24,48.1,No,No,Medium
2025-05-17,Downtown,619,Bus,Cloudy,28,51.2,No,Yes,Low
2026-01-04,Downtown,818,Car,Sunny,21,50.3,No,No,Low
2025-01-17,East,709,Car,Sunny,41,58.6,No,No,Low
2024-06-27,Industrial,987,Truck,Sunny,27,41.5,No,No,Medium
2024-06-30,Industrial,877,Bike,Rainy,23,43.9,No,No,Medium
2024-04-16,South,956,Car,Sunny,20,43.8,No,No,Medium
2024-01-12,North,747,Car,Sunny,19,55.1,No,No,Low
2026-06-24,East,920,Truck,Cloudy,36,42.2,No,No,Medium
2025-04-07,South,485,Car,Sunny,23,54.6,No,No,Low
2024-04-05,West,664,Bike,Rainy,37,46.4,No,No,Low
2024-12-05,East,785,Truck,Cloudy,30,55.6,No,No,Low
2024-02-25,East,165,Car,Sunny,24,71.4,No,No,Low
2025-10-15,East,534,Car,Sunny,39,62.6,No,No,Low
2025-01-14,North,652,Bike,Sunny,26,49.9,No,No,Low
2024-03-28,Airport,782,Bike,Foggy,30,55.7,No,No,Medium
2026-06-21,South,973,Car,Sunny,36,37.1,Yes,No,High
2026-02-14,North,676,Bus,Rainy,39,49.0,No,No,Medium
2024-09-21,Airport,709,Car,Sunny,26,43.6,No,No,Medium
2025-08-24,Downtown,312,Bike,Sunny,21,62.5,No,No,Low
2026-06-07,East,486,Truck,Sunny,19,64.6,No,No,Low
2025-09-25,Industrial,480,Bike,Sunny,25,67.8,No,No,Low
2025-01-16,Airport,382,Truck,Sunny,39,63.7,No,No,Low
2024-11-03,Airport,566,Truck,Sunny,24,62.4,No,No,Low
2026-02-16,Airport,507,Car,Cloudy,34,67.7,No,No,Low
2024-01-30,Airport,951,Bus,Rainy,29,42.0,No,No,Medium
2026-04-23,East,463,Car,Cloudy,32,68.5,No,No,Low
2025-07-18,North,271,Truck,Rainy,30,67.2,No,No,Low
2025-10-24,North,940,Truck,Cloudy,42,49.4,No,No,Medium
2025-10-24,Airport,950,Car,Sunny,40,42.0,No,No,Medium
2025-01-20,South,684,Bus,Cloudy,30,44.6,No,No,Medium
2025-11-09,Industrial,798,Truck,Sunny,26,48.1,No,No,Low
2025-11-02,South,642,Bus,Sunny,37,56.3,No,No,Low
2026-01-08,East,838,Truck,Sunny,19,44.5,No,No,Low
2026-01-13,Industrial,1077,Bike,Rainy,23,33.9,No,No,High
2024-04-09,Industrial,690,Truck,Rainy,39,46.4,No,No,Medium
2024-12-29,Airport,659,Truck,Sunny,36,48.6,No,No,Low
2024-02-24,West,585,Car,Cloudy,39,57.6,No,No,Low
2024-02-25,North,286,Truck,Sunny,32,65.6,No,No,Low
2025-05-14,North,259,Truck,Cloudy,42,66.6,No,Yes,Low
2026-03-15,West,73,Bike,Cloudy,30,75.1,No,No,Low
2024-01-15,North,491,Car,Cloudy,40,56.4,No,No,Low
2025-01-27,South,818,Bus,Sunny,32,55.3,No,Yes,Low
2025-03-20,South,137,Bike,Sunny,30,73.5,No,No,Low
2024-08-04,West,780,Bus,Sunny,30,41.8,No,No,Medium
2024-02-19,Industrial,684,Car,Sunny,21,59.6,No,No,Low
2024-07-29,Industrial,852,Car,Sunny,26,41.9,No,No,Low
2026-04-30,Industrial,463,Car,Sunny,37,61.5,No,No,Low
2024-07-25,East,636,Truck,Sunny,40,53.6,No,No,Low
2024-01-14,Downtown,825,Bike,Sunny,41,47.0,No,No,Low
2025-04-12,East,813,Car,Sunny,27,49.5,Yes,No,Medium
2026-01-26,Airport,654,Car,Sunny,28,59.8,No,No,Medium
2024-10-01,South,630,Truck,Sunny,26,61.8,No,No,Low
2025-10-26,North,839,Car,Foggy,36,52.4,No,No,Medium
2025-09-17,West,909,Car,Rainy,22,50.6,No,No,Medium
2026-06-27,Downtown,793,Car,Sunny,39,47.3,No,No,Low
2025-06-15,Industrial,916,Car,Sunny,39,47.4,No,No,Medium
2026-05-09,Downtown,428,Car,Cloudy,33,69.9,No,No,Low
2024-09-03,Downtown,643,Bus,Cloudy,20,60.3,No,No,Low
2026-05-27,South,571,Car,Foggy,30,49.2,Yes,No,Medium
2026-03-21,Industrial,802,Truck,Rainy,32,40.9,No,No,Medium
2026-05-14,West,910,Bike,Rainy,21,35.6,No,No,High
2024-12-29,West,984,Truck,Rainy,22,45.6,No,Yes,Medium
2024-09-17,North,1179,Car,Rainy,24,27.8,No,No,High
2024-02-17,West,444,Car,Rainy,34,54.2,No,No,Medium
2026-01-23,East,816,Bike,Rainy,40,43.4,No,No,Low
2025-01-31,West,384,Truck,Cloudy,40,68.6,No,No,Low
2024-10-28,North,840,Bike,Cloudy,40,48.4,No,No,Medium
2025-10-09,North,770,Truck,Cloudy,40,57.2,No,No,Medium
2025-12-11,Industrial,1013,Car,Rainy,39,40.5,No,No,Medium
2026-04-07,Downtown,909,Car,Sunny,26,40.6,Yes,Yes,High
2025-11-30,Airport,815,Car,Cloudy,19,53.4,No,No,Low
2025-09-22,West,651,Bus,Rainy,40,47.0,No,No,Medium
2025-01-31,South,725,Car,Sunny,42,50.0,No,No,Low
2026-02-12,Industrial,1078,Bus,Rainy,23,33.9,No,No,High
2026-01-22,East,322,Car,Sunny,36,69.1,No,No,Low
2025-12-27,North,493,Truck,Cloudy,39,63.3,No,No,Low
2026-03-13,West,704,Bus,Foggy,23,55.8,No,No,Low
2024-12-23,Industrial,904,Truck,Sunny,37,35.8,No,No,Medium
2025-11-15,North,600,Bus,Foggy,21,57.0,No,No,Low
2025-06-13,Airport,607,Bike,Cloudy,28,50.7,No,No,Low
2026-03-02,Downtown,887,Car,Sunny,39,39.5,No,No,Medium
2025-07-04,Airport,201,Bike,Cloudy,22,74.0,No,No,Low
2024-03-30,North,576,Truck,Cloudy,26,63.0,No,No,Low
2025-03-19,East,972,Car,Cloudy,42,34.1,No,No,Medium
2025-01-01,South,674,Truck,Cloudy,30,45.0,No,No,Low
2024-06-09,North,583,Bike,Rainy,38,59.7,No,No,Low
2025-07-20,Downtown,605,Car,Sunny,20,58.8,No,No,Low
2025-02-26,North,416,Bus,Sunny,21,56.4,No,No,Low
2025-04-17,Downtown,642,Truck,Cloudy,36,57.3,No,No,Low
2025-11-18,Downtown,553,Truck,Cloudy,32,58.9,No,No,Low
2024-06-05,South,1238,Truck,Foggy,25,35.5,No,No,High
2026-05-10,Industrial,819,Truck,Rainy,27,42.2,No,No,Medium
2025-10-23,Airport,1337,Truck,Rainy,26,20.5,No,No,High
2024-01-20,Downtown,964,Bike,Rainy,26,48.4,Yes,No,High
2025-01-09,Airport,576,Truck,Sunny,29,56.0,No,No,Low
2025-12-01,North,1000,Bike,Sunny,22,47.0,No,No,Medium
2024-02-11,North,708,Car,Sunny,34,58.7,No,No,Low
2026-06-21,Industrial,886,Truck,Sunny,26,41.6,No,No,Low
2025-10-31,West,565,Car,Cloudy,34,60.4,No,No,Low
2026-03-22,Downtown,314,Bus,Sunny,26,64.4,No,No,Low
2025-01-05,Airport,905,Car,Cloudy,21,50.8,No,No,Medium
2024-08-03,Industrial,418,Bike,Sunny,23,71.3,No,Yes,Low
2025-08-09,North,836,Truck,Rainy,36,47.6,No,No,Low
2024-08-09,East,405,Bike,Sunny,36,71.8,No,No,Low
2024-06-20,South,55,Bike,Cloudy,22,75.8,No,Yes,Low
2026-05-30,East,323,Bus,Cloudy,37,75.1,No,No,Low
2024-04-05,North,704,Car,Rainy,34,44.8,No,No,Medium
2025-03-15,Airport,854,Bike,Sunny,40,50.8,No,No,Low
2024-09-17,Airport,246,Car,Sunny,24,62.2,No,No,Low
2025-06-19,Downtown,208,Bike,Cloudy,29,76.7,No,No,Low
2024-09-16,East,804,Truck,Cloudy,24,54.8,No,No,Low
2025-01-14,East,1108,Truck,Foggy,30,30.7,No,No,High
2025-04-02,Downtown,948,Bus,Cloudy,37,35.1,No,No,Medium
2025-02-02,Airport,312,Car,Rainy,20,66.5,No,No,Low
2024-03-22,Industrial,1240,Bike,Rainy,27,23.4,No,No,High
2025-10-17,Downtown,414,Bus,Rainy,24,71.4,No,No,Medium
2025-12-16,North,721,Car,Sunny,20,55.2,No,No,Low
2025-11-16,West,694,Bus,Cloudy,20,55.2,No,No,Low
2026-04-15,West,785,Bus,Cloudy,23,43.6,Yes,No,High
2024-03-15,South,613,Car,Rainy,36,61.5,No,No,Medium
2025-07-30,Airport,291,Truck,Foggy,36,63.4,No,No,Low
2024-03-10,Airport,725,Bus,Cloudy,29,43.0,No,No,Low
2024-09-11,East,691,Truck,Sunny,29,52.4,No,No,Low
2026-02-03,East,480,Bus,Sunny,25,59.8,No,No,Low
2024-12-30,Downtown,624,Car,Cloudy,42,62.0,No,No,Low
2025-09-27,West,523,Truck,Cloudy,26,55.1,No,No,Low
2025-06-22,West,558,Car,Cloudy,23,65.7,No,No,Low
2024-11-19,Downtown,391,Bus,Sunny,26,64.4,No,No,Low
2024-10-02,South,534,Truck,Sunny,42,62.6,No,No,Low
2025-04-06,North,841,Bus,Rainy,35,50.4,No,No,Medium
2024-05-29,East,725,Car,Sunny,38,53.0,No,No,Low
2024-11-03,Airport,941,Car,Sunny,26,37.4,No,No,Medium
2026-02-01,South,512,Truck,Cloudy,18,62.5,No,No,Low
2024-07-22,Industrial,1017,Bus,Foggy,34,45.3,No,No,Medium
2025-01-25,East,1162,Bus,Rainy,31,37.5,No,No,Medium
2024-03-22,North,533,Truck,Sunny,38,64.7,No,No,Low
2026-02-04,East,981,Bike,Sunny,25,34.8,No,No,Medium
2024-06-19,Downtown,720,Car,Rainy,42,45.2,Yes,No,Medium
2024-09-25,Downtown,402,Bike,Sunny,38,71.9,No,No,Low
2024-01-30,South,854,Truck,Rainy,26,41.8,No,No,Medium
2024-06-30,East,871,Bike,Cloudy,29,44.2,No,No,Low
2025-03-28,East,347,Truck,Sunny,42,67.1,No,Yes,Low
2025-07-01,East,499,Bike,Sunny,37,52.0,No,No,Low
2025-01-17,West,503,Bike,Sunny,30,59.9,No,No,Low
2025-03-08,West,470,Truck,Sunny,31,55.2,No,No,Low
2024-05-19,Industrial,572,Bike,Cloudy,24,53.1,No,No,Low
2025-07-01,Downtown,190,Truck,Sunny,25,64.4,No,No,Low
2024-08-10,South,437,Bike,Foggy,28,58.5,No,No,Low
2024-09-29,West,103,Bike,Sunny,30,74.9,No,No,Low
2026-02-28,Industrial,394,Car,Sunny,39,68.2,No,No,Low
2024-11-26,Industrial,909,Car,Rainy,33,41.6,No,No,Medium
2026-06-27,North,688,Car,Sunny,26,56.5,Yes,No,Medium
2024-01-10,Airport,348,Bike,Cloudy,25,60.1,No,No,Low
2024-12-12,Downtown,618,Truck,Cloudy,22,57.3,No,No,Medium
2026-03-18,Airport,261,Bike,Rainy,41,62.6,No,Yes,Low
2025-12-24,South,609,Bike,Sunny,41,52.6,No,No,Low
2025-06-27,South,635,Truck,Cloudy,34,51.6,No,No,Low
2025-09-26,North,508,Truck,Rainy,30,66.7,No,No,Medium
2024-06-06,South,497,Bike,Cloudy,20,56.1,No,No,Low
2026-06-13,Downtown,738,Bike,Sunny,30,58.5,No,Yes,Medium
2025-12-19,Downtown,1036,Truck,Sunny,24,32.6,Yes,No,High
2026-03-31,South,587,Bike,Rainy,37,49.5,Yes,No,Medium
2026-05-04,North,946,Car,Sunny,24,41.2,No,No,Medium
2025-10-02,Industrial,828,Bike,Rainy,39,51.9,No,No,Low
2024-06-19,East,522,Truck,Cloudy,29,61.1,No,No,Low
2025-02-26,Airport,860,Truck,Cloudy,42,45.6,No,No,Low
2025-04-08,Downtown,222,Car,Foggy,27,70.1,No,No,Low
2026-05-26,Airport,362,Truck,Rainy,36,58.5,No,No,Low
2024-12-30,South,420,Truck,Rainy,27,67.2,No,No,Medium
2024-08-10,Industrial,1046,Truck,Rainy,40,33.2,No,No,High
2025-10-19,Industrial,670,Bike,Sunny,29,48.2,No,Yes,Low
2026-02-04,Downtown,296,Bike,Sunny,36,76.2,No,No,Low
2024-06-05,Industrial,477,Bike,Foggy,20,61.9,No,No,Low
2024-05-31,Downtown,476,Bike,Cloudy,20,66.0,No,Yes,Low
2026-02-19,West,947,Bus,Cloudy,37,41.1,No,No,Medium
2024-03-14,South,656,Car,Sunny,24,45.8,No,No,Low
2024-06-22,Airport,439,Bike,Cloudy,25,65.4,No,No,Low
2026-02-14,Downtown,161,Car,Sunny,27,68.6,No,No,Low
2025-04-05,South,584,Bus,Rainy,42,63.6,No,No,Medium
2026-01-17,Industrial,249,Car,Sunny,26,71.0,No,No,Low
2026-03-19,South,506,Car,Cloudy,39,62.8,No,No,Low
2024-01-20,East,1037,Bus,Foggy,28,32.5,No,No,High
2024-07-22,West,652,Car,Sunny,33,50.9,No,No,Low
2024-12-21,South,765,Truck,Sunny,19,53.4,No,No,Low
2025-07-22,North,1066,Truck,Rainy,30,36.4,No,No,High
2024-09-03,East,1063,Truck,Rainy,24,35.5,No,No,High
2024-11-12,West,872,Bus,Sunny,38,42.1,No,No,Low
2024-03-10,Industrial,791,Car,Sunny,18,53.4,No,No,Low
2024-11-06,Airport,843,Truck,Sunny,18,46.3,No,No,Medium
2025-08-03,West,642,Bus,Sunny,42,62.3,No,Yes,Medium
2025-04-25,South,419,Bus,Rainy,24,68.2,No,No,Low
2024-10-03,Industrial,816,Bus,Rainy,32,49.4,No,Yes,Medium
2026-06-27,East,1106,Car,Cloudy,30,43.8,No,No,Low
2025-06-17,East,362,Car,Rainy,41,69.5,No,No,Medium
2026-02-22,North,574,Truck,Sunny,27,62.0,No,No,Low
2025-09-19,West,221,Bus,Cloudy,34,67.2,No,No,Low
2025-02-27,Downtown,216,Bus,Cloudy,32,73.4,No,No,Low
2026-01-05,Downtown,759,Car,Rainy,40,57.6,No,No,Medium
2024-06-12,East,374,Car,Rainy,39,61.0,No,No,Low
2026-02-26,East,275,Truck,Sunny,38,65.0,No,No,Low
2024-01-04,Downtown,805,Bike,Cloudy,37,45.8,No,No,Medium
2025-11-06,East,502,Bike,Sunny,35,57.9,No,No,Low
2024-07-08,Industrial,449,Truck,Sunny,37,56.0,No,No,Low
2024-04-21,North,357,Truck,Cloudy,35,68.7,No,No,Low
2024-04-05,South,779,Bike,Rainy,20,44.8,No,No,Low
2025-12-12,West,1011,Bike,Cloudy,21,47.6,No,No,Low
2025-05-10,West,788,Truck,Sunny,36,44.5,No,No,Medium
2025-07-30,Industrial,406,Bike,Cloudy,40,55.8,No,No,Low
2024-01-25,Airport,614,Car,Rainy,31,57.4,No,No,Medium
2025-07-27,Downtown,718,Bus,Cloudy,27,53.3,No,No,Low
2024-04-26,South,462,Bike,Rainy,23,63.5,Yes,No,Medium
2025-04-30,North,733,Bike,Sunny,28,55.7,No,No,Low
2026-05-05,West,318,Truck,Cloudy,28,63.3,No,Yes,Low
2026-05-10,East,555,Bus,Cloudy,42,59.8,No,No,Low
2024-10-05,East,413,Bus,Sunny,34,58.5,No,No,Low
2026-03-14,Downtown,341,Bike,Cloudy,22,73.4,No,No,Low
2024-11-13,Airport,575,Car,Rainy,22,50.0,No,No,Low
2025-01-31,Downtown,400,Car,Sunny,20,57.0,No,Yes,Low
2025-06-17,South,314,Car,Cloudy,28,68.4,No,No,Low
2025-06-29,Industrial,764,Car,Sunny,37,44.4,No,No,Low
2025-07-09,South,253,Truck,Sunny,25,70.9,No,No,Low
2024-12-12,Downtown,317,Bus,Sunny,30,72.3,Yes,No,Medium
2024-07-02,West,953,Bike,Cloudy,40,35.9,No,No,Medium
2025-08-04,Airport,656,Bike,Sunny,42,52.8,No,No,Low
2024-05-27,South,828,Bike,Sunny,28,38.9,No,No,Low
2025-05-01,East,440,Bike,Rainy,36,57.4,No,No,Low
2026-04-17,South,582,Car,Rainy,31,55.7,No,No,Medium
2024-06-11,Downtown,841,Truck,Sunny,31,48.4,No,No,Medium
2025-12-11,Industrial,1118,Car,Rainy,21,41.3,No,No,Medium
2025-07-22,North,491,Truck,Foggy,37,67.4,No,Yes,Low
2024-04-02,West,736,Car,Rainy,27,56.6,No,No,Medium
2024-07-29,South,420,Truck,Rainy,29,55.2,No,No,Medium
2025-06-06,Airport,923,Truck,Sunny,18,46.1,No,No,Low
2026-05-31,North,872,Bike,Rainy,30,50.1,No,No,Medium
2024-08-04,East,290,Bus,Sunny,31,64.4,No,No,Low
2024-01-12,Downtown,301,Bus,Rainy,22,73.0,No,No,Low
2026-03-18,East,480,Bus,Cloudy,30,57.8,No,No,Low
2025-09-11,East,563,Bus,Rainy,36,50.5,No,No,Medium
2025-05-09,Downtown,1107,Bike,Foggy,34,35.7,No,No,High
2025-06-13,West,314,Car,Sunny,39,68.4,No,No,Low
2024-02-24,Airport,506,Car,Cloudy,41,62.8,No,No,Low
2024-10-23,Industrial,815,Truck,Rainy,33,40.4,No,No,Medium
2026-04-08,Downtown,351,Truck,Cloudy,26,66.0,No,No,Low
2026-05-28,Industrial,791,Car,Cloudy,39,45.4,No,No,Low
2026-03-12,East,480,Bus,Rainy,20,56.8,No,No,Low
2026-02-09,North,399,Bike,Rainy,29,64.0,No,No,Low
2024-02-23,East,396,Bike,Sunny,35,68.2,No,No,Low
2024-09-25,Airport,518,Bike,Sunny,39,52.3,No,No,Low
2025-06-28,Airport,538,Bike,Cloudy,26,53.5,No,No,Low
2025-11-01,East,1229,Bus,Rainy,28,27.8,No,No,High
2025-07-14,Downtown,475,Car,Sunny,32,62.0,No,No,Low
2024-07-16,West,836,Car,Sunny,24,41.6,No,No,Low
2024-03-29,East,1275,Bus,Rainy,32,23.0,No,No,High
2024-10-10,Industrial,550,Truck,Sunny,19,60.0,No,No,Low
2024-09-21,East,1025,Car,Cloudy,23,34.0,No,No,Medium
2025-07-07,West,398,Car,Rainy,20,64.1,No,No,Low
2024-01-20,Industrial,748,Car,Rainy,40,54.1,No,No,Medium
2024-01-04,Airport,670,Bike,Cloudy,20,45.2,No,No,Low
2025-12-06,West,245,Truck,Sunny,38,72.2,Yes,No,Low
2026-05-11,Industrial,424,Bus,Sunny,24,67.0,No,Yes,Low
2025-10-07,East,383,Car,Rainy,19,63.7,No,No,Low
2025-02-02,Industrial,183,Truck,Cloudy,18,65.7,No,No,Low
2026-03-17,East,647,Car,Sunny,39,53.1,No,No,Low
2024-02-07,East,757,Car,Cloudy,40,41.7,Yes,No,Medium
2025-10-09,Airport,303,Car,Cloudy,21,66.9,No,No,Low
2026-04-03,South,603,Bike,Sunny,22,53.9,No,No,Low
2025-08-30,Downtown,668,Car,Sunny,29,59.3,No,No,Low
2025-08-18,Downtown,112,Bike,Rainy,18,69.5,No,Yes,Medium
2026-06-27,Industrial,806,Bike,Cloudy,34,46.8,No,No,Low
2025-09-17,West,643,Bus,Rainy,27,46.3,No,No,Medium
2024-08-29,West,402,Car,Cloudy,34,61.9,No,No,Low
2024-02-24,Airport,394,Bus,Cloudy,23,57.2,No,No,Low
2025-10-22,North,130,Bike,Sunny,32,67.8,No,No,Low
2024-06-29,East,500,Car,Sunny,36,58.0,No,No,Low
2024-08-23,North,255,Car,Sunny,25,76.8,No,No,Low
2026-06-30,North,798,Bike,Sunny,24,48.1,No,No,Low
2024-12-09,Industrial,429,Car,Sunny,31,64.8,No,No,Low
2026-06-26,North,899,Bus,Cloudy,31,42.0,No,No,Medium
2025-04-29,Downtown,635,Bike,Rainy,36,50.6,No,No,Medium
2024-01-06,Downtown,877,Bike,Rainy,30,39.9,No,No,Medium
2025-05-22,West,603,Car,Cloudy,29,49.9,No,No,Low
2025-05-06,North,851,Bike,Rainy,32,42.0,Yes,No,High
2024-07-08,East,611,Car,Rainy,28,56.6,No,Yes,Medium
2026-02-09,West,547,Bus,Rainy,41,61.1,No,No,Low
2024-04-23,East,815,Car,Sunny,20,45.4,No,No,Low
2024-12-08,Downtown,766,Bike,Rainy,40,48.4,No,No,Medium
2024-12-27,Industrial,767,Bike,Sunny,33,44.3,No,Yes,Low
2025-12-27,Airport,355,Truck,Cloudy,40,71.8,No,No,Low
2024-03-23,South,437,Car,Sunny,33,60.5,No,No,Low
2025-10-04,East,406,Bus,Cloudy,18,57.8,No,No,Low
2026-06-11,Industrial,888,Truck,Sunny,28,52.5,No,No,Medium
2025-03-31,West,770,Bus,Rainy,25,50.2,No,No,Low
2024-05-31,East,453,Bus,Cloudy,23,57.9,No,No,Low
2024-08-31,South,265,Bus,Sunny,40,71.4,No,No,Low
2024-05-31,West,325,Bus,Cloudy,33,69.0,Yes,No,Medium
2024-01-05,West,817,Truck,Cloudy,42,43.3,No,No,Medium
2026-01-16,Industrial,377,Car,Rainy,35,56.9,No,No,Low
2025-09-24,South,667,Car,Sunny,34,53.3,No,No,Low
2024-01-24,Airport,384,Bike,Cloudy,30,66.6,No,No,Low
2025-09-11,Industrial,444,Truck,Sunny,30,63.2,No,No,Low
2024-12-25,Airport,766,Car,Sunny,31,46.4,No,No,Low
2026-01-16,Airport,419,Car,Sunny,34,67.2,No,No,Low
2024-01-07,South,311,Bike,Sunny,22,71.6,No,No,Low
2025-07-21,Airport,415,Truck,Rainy,32,55.4,No,No,Low
2024-09-25,Airport,975,Bike,Sunny,23,40.0,No,No,Low
2024-05-02,Downtown,1063,Truck,Cloudy,38,32.5,No,No,Medium
2025-06-08,Downtown,169,Truck,Sunny,40,70.2,No,Yes,Low
2024-10-06,Industrial,635,Truck,Sunny,20,51.6,No,No,Low
2025-09-05,South,1070,Truck,Rainy,39,40.2,No,No,Medium
2025-07-01,Airport,748,Bus,Sunny,33,47.1,No,No,Low
2024-08-11,North,906,Bus,Rainy,34,38.8,No,No,High
2025-04-16,Airport,531,Bus,Rainy,29,64.8,No,No,Medium
2025-06-19,Industrial,381,Truck,Sunny,40,63.8,No,No,Low
2024-05-08,Downtown,748,Bike,Cloudy,42,55.1,No,No,Low
2024-07-20,Airport,745,Car,Cloudy,27,45.2,Yes,No,Medium
2025-09-08,North,372,Bus,Cloudy,41,68.1,No,Yes,Low
2024-06-13,West,89,Bus,Cloudy,42,74.4,No,Yes,Low
2024-10-15,Downtown,733,Car,Rainy,33,47.7,No,No,Medium
2025-11-20,Airport,449,Truck,Foggy,31,64.0,No,No,Low
2025-04-22,North,347,Bike,Rainy,19,73.1,No,No,Low
2025-01-29,West,755,Truck,Cloudy,31,54.8,No,No,Low
2026-05-27,Industrial,577,Truck,Sunny,21,64.9,No,No,Low
2024-05-02,East,469,Car,Rainy,29,59.2,No,No,Medium
2026-05-14,North,856,Bike,Rainy,36,49.8,No,No,Medium
2025-05-02,East,441,Bike,Cloudy,21,69.4,No,No,Low
2025-10-05,Downtown,725,Car,Rainy,23,53.0,Yes,No,High
2024-11-06,Downtown,521,Car,Cloudy,32,66.2,No,No,Low
2025-05-31,South,707,Car,Foggy,21,53.7,No,Yes,Medium
2025-03-29,Downtown,353,Bus,Cloudy,40,70.9,No,No,Low
2024-11-15,East,765,Car,Cloudy,35,56.4,No,No,Medium
2026-05-24,Downtown,617,Bike,Sunny,39,56.3,No,No,Low
2024-03-03,Downtown,907,Bus,Rainy,18,47.7,No,No,Medium
2025-03-14,East,687,Truck,Sunny,27,46.5,No,No,Low
2024-04-27,Downtown,559,Truck,Sunny,34,49.6,No,No,Low
2025-08-25,East,803,Bike,Sunny,40,49.9,No,No,Low
2025-05-29,North,662,Truck,Sunny,20,54.5,No,No,Low
2024-02-18,East,488,Bus,Cloudy,36,62.5,No,No,Low
2024-03-09,East,961,Bike,Sunny,27,42.6,No,No,Medium
2025-11-10,North,846,Bike,Sunny,42,38.2,No,No,Medium
2026-06-02,East,849,Bus,Cloudy,26,51.0,No,No,Medium
2026-01-14,West,583,Bus,Sunny,39,61.7,No,No,Low
2024-11-22,North,735,Bike,Sunny,39,54.6,No,No,Low
2024-04-26,Downtown,777,Bus,Rainy,31,41.9,No,No,Medium
2024-06-12,Downtown,587,Truck,Rainy,38,63.5,No,No,Low
2024-02-26,West,1035,Truck,Rainy,29,32.6,No,No,High
2026-05-09,North,852,Car,Cloudy,39,53.9,No,No,Low
2025-05-23,West,785,Car,Rainy,41,47.6,No,No,Medium
2024-08-11,North,322,Bus,Foggy,36,70.1,No,No,Low
2024-11-20,East,989,Bus,Foggy,29,43.4,No,No,Medium
2024-01-22,Downtown,532,Car,Cloudy,35,61.7,No,No,Low
2025-07-01,East,691,Car,Rainy,26,51.4,No,No,Medium
2024-08-03,Industrial,681,Truck,Rainy,19,46.8,No,No,Medium
2025-04-27,Airport,961,Truck,Rainy,23,49.6,No,No,Medium
2024-12-26,Industrial,289,Truck,Cloudy,38,74.4,Yes,Yes,Medium
2024-01-04,Industrial,986,Truck,Sunny,34,36.6,No,No,High
2025-12-03,East,719,Bike,Rainy,36,52.2,No,No,Medium
2024-03-27,North,206,Bike,Rainy,25,70.8,No,No,Low
2025-04-18,Industrial,245,Bus,Sunny,22,67.2,No,No,Low
2024-04-30,West,358,Bike,Rainy,33,63.7,No,No,Low
2026-06-01,Industrial,715,Bike,Sunny,24,49.4,No,No,Low
2024-07-03,Downtown,667,Truck,Foggy,25,59.3,No,No,Low
2024-01-11,Airport,973,Truck,Foggy,30,41.1,No,No,Medium
2024-04-07,Downtown,1251,Truck,Rainy,37,23.0,No,No,High
2024-09-16,East,330,Truck,Foggy,35,63.8,No,No,Low
2024-06-22,South,355,Bike,Sunny,22,67.8,No,No,Low
2024-05-10,Industrial,582,Truck,Rainy,37,58.7,No,No,Low
2024-06-17,East,162,Bus,Cloudy,32,69.5,No,No,Low
2024-08-23,East,214,Truck,Sunny,33,74.4,No,No,Low
2025-05-11,Downtown,423,Bus,Sunny,23,71.1,No,No,Low
2025-07-30,North,508,Car,Cloudy,20,66.7,No,No,Low
2026-06-27,South,224,Car,Sunny,28,65.0,No,No,Low
2026-04-30,East,271,Bike,Cloudy,28,75.2,No,No,Low
2026-01-19,North,959,Bus,Rainy,19,45.6,No,No,Medium
2025-02-12,North,724,Bike,Sunny,42,47.0,No,No,Low
2024-11-01,Industrial,687,Truck,Rainy,21,50.5,No,No,Medium
2025-04-01,South,665,Bike,Sunny,23,58.4,No,No,Low
2024-02-11,East,869,Bus,Cloudy,34,53.2,No,No,Low
2024-10-24,Downtown,447,Bike,Sunny,27,67.1,No,No,Low
2025-08-05,Downtown,920,Car,Cloudy,32,43.2,No,No,Medium
2024-09-17,Airport,653,Car,Sunny,23,47.9,No,No,Low
2026-06-16,South,425,Bike,Rainy,28,60.0,No,No,Low
2026-02-03,Airport,462,Car,Sunny,18,68.5,No,Yes,Low
2025-12-09,Industrial,925,Bike,Sunny,40,47.0,No,No,Medium
2024-03-30,Downtown,277,Bus,Sunny,18,64.9,No,Yes,Low
2025-03-22,North,221,Car,Sunny,18,67.2,No,No,Low
2025-05-11,Airport,197,Bike,Cloudy,30,64.1,No,No,Low
2025-10-07,East,341,Bike,Rainy,27,70.4,No,No,Low
2025-06-09,West,584,Bike,Sunny,36,50.6,Yes,Yes,Medium
2025-10-25,Downtown,122,Bike,Cloudy,31,76.1,No,No,Low
2025-04-25,North,851,Bus,Cloudy,40,42.0,No,No,Low
2026-01-10,East,464,Truck,Rainy,37,55.4,No,No,Low
2024-05-12,North,353,Bike,Sunny,27,58.9,No,No,Low
2025-01-02,Industrial,695,Bus,Sunny,20,47.2,No,No,Medium
2024-08-20,North,698,Bike,Sunny,19,48.1,No,No,Medium
2025-09-10,Industrial,320,Car,Rainy,42,62.2,No,No,Medium
2024-02-12,North,1018,Car,Rainy,27,47.3,No,No,Medium
2026-01-20,Industrial,681,Truck,Sunny,32,44.8,No,No,Low
2026-05-04,South,874,Bus,Sunny,29,44.0,No,No,Low
2026-02-10,Airport,791,Bus,Sunny,32,51.4,No,No,Low
2025-03-29,Industrial,519,Car,Sunny,23,63.2,No,No,Low
2025-11-07,West,549,Car,Foggy,34,62.0,No,No,Medium
2026-06-13,Industrial,1100,Truck,Rainy,34,32.0,No,Yes,High
2025-04-01,West,487,Bike,Cloudy,30,61.5,No,No,Low
2024-02-07,East,884,Bus,Cloudy,34,52.6,No,No,Low
2026-02-14,Downtown,676,Car,Rainy,42,58.0,No,No,Medium
2024-04-23,Airport,966,Truck,Sunny,42,36.4,No,No,Medium
2024-11-01,Downtown,1001,Bike,Sunny,36,39.0,No,No,Medium
2024-11-02,Airport,1037,Bus,Rainy,28,36.5,No,No,High
2025-04-10,Industrial,721,Bike,Rainy,22,57.2,No,No,Low
2025-01-13,East,1123,Bike,Rainy,32,42.1,No,No,Medium
2026-04-23,West,631,Bus,Cloudy,34,52.8,No,No,Low
2025-04-29,North,397,Truck,Rainy,21,65.1,No,No,Low
2025-06-19,South,485,Truck,Foggy,22,65.6,No,No,Low
2024-11-08,North,790,Bike,Sunny,19,49.4,No,No,Medium
2025-04-08,East,977,Bus,Rainy,32,36.9,No,No,High
2024-04-01,West,1153,Bike,Sunny,19,39.9,No,No,Medium
2025-10-23,Industrial,751,Car,Cloudy,35,44.0,No,No,Low
2025-09-25,Airport,369,Car,Foggy,34,62.2,No,No,Low
2024-10-08,Airport,231,Bike,Sunny,36,62.8,No,No,Low
2025-03-23,Downtown,305,Truck,Sunny,35,63.8,No,No,Low
2024-09-18,South,149,Bike,Cloudy,23,67.0,No,Yes,Low
2025-02-03,North,284,Bike,Rainy,21,67.6,No,No,Medium
2025-08-23,West,792,Bike,Rainy,35,55.3,No,No,Low
2025-02-21,Downtown,794,Truck,Cloudy,42,44.2,No,No,Low
2025-08-04,Downtown,568,Bus,Rainy,23,62.3,No,No,Medium
2025-04-07,Airport,155,Bike,Foggy,23,80.8,No,No,Low
2025-09-04,East,447,Truck,Rainy,27,56.1,No,No,Low
2024-04-01,Downtown,934,Bus,Rainy,24,44.6,No,No,Medium
2025-10-12,East,937,Truck,Sunny,32,34.5,No,No,Medium
2025-10-23,East,1025,Car,Rainy,40,43.0,No,No,High
2024-03-24,Downtown,749,Car,Rainy,21,54.0,No,No,Medium
2025-01-01,Airport,476,Car,Sunny,18,53.0,No,No,Low
2025-11-27,North,545,Car,Rainy,25,61.2,No,No,Low
2024-10-14,Industrial,489,Bus,Sunny,21,68.4,No,No,Low
2024-06-23,Industrial,1042,Bus,Sunny,26,37.3,No,No,High
2026-01-16,Airport,1160,Car,Foggy,26,39.6,No,No,Medium
2025-03-13,Industrial,491,Car,Rainy,31,68.4,No,No,Low
2025-05-22,Airport,839,Car,Rainy,31,48.4,No,No,Low
2025-02-05,Downtown,445,Car,Foggy,20,59.2,No,No,Low
2024-11-14,Industrial,617,Car,Sunny,38,55.3,Yes,No,Medium
2024-04-20,South,952,Car,Rainy,20,47.9,No,No,Medium
2025-10-02,Downtown,406,Car,Foggy,40,59.8,No,No,Low
2026-04-01,South,552,Bike,Sunny,27,52.9,No,No,Low
2026-02-09,Airport,719,Car,Cloudy,37,53.2,No,No,Low
2025-04-09,West,369,Bus,Sunny,36,61.2,No,Yes,Low
2024-09-19,East,528,Bike,Sunny,22,63.9,Yes,No,Medium
2025-10-29,West,200,Bus,Sunny,29,68.0,No,No,Low
2024-08-31,Airport,217,Car,Sunny,24,69.3,No,No,Low
2025-12-12,West,692,Truck,Rainy,27,49.3,No,No,Low
2025-04-10,North,427,Car,Cloudy,24,64.9,No,No,Low
2024-07-29,Airport,159,Car,Sunny,21,79.6,Yes,Yes,Medium
2025-10-08,Downtown,1020,Car,Sunny,26,41.2,No,No,Medium
2024-09-08,Downtown,417,Bus,Rainy,39,58.3,Yes,No,Medium
2024-08-03,North,1028,Truck,Rainy,37,32.9,No,No,Medium
2024-05-27,North,545,Bike,Cloudy,38,51.2,No,No,Low
2025-08-24,South,609,Bus,Sunny,22,62.6,No,Yes,Low
2026-01-14,Airport,676,Car,Sunny,42,60.0,No,No,Medium
2025-04-20,Industrial,482,Truck,Cloudy,33,64.7,No,No,Low
2025-10-27,North,592,Bus,Cloudy,31,53.3,No,No,Low
2024-09-17,North,847,Car,Sunny,19,48.1,No,No,Low
2025-04-06,East,691,Truck,Rainy,23,52.4,No,No,Low
2025-01-02,Airport,557,Car,Rainy,20,55.7,No,No,Low
2024-07-20,South,1056,Truck,Rainy,24,33.8,No,No,High
2024-09-24,South,854,Truck,Rainy,36,52.8,No,No,Medium
2026-02-18,North,938,Bus,Rainy,36,48.5,No,No,Medium
2024-12-14,Airport,738,Bus,Sunny,32,42.5,No,No,Low
2024-05-22,South,777,Car,Cloudy,25,52.9,No,No,Medium
2024-11-02,Downtown,922,Car,Rainy,28,47.1,No,No,Medium
2024-07-28,West,943,Bike,Sunny,32,43.3,No,No,Low
2024-06-24,West,280,Bus,Sunny,23,72.8,No,No,Low
2024-07-29,Industrial,760,Car,Cloudy,28,46.6,Yes,No,Medium
2024-05-12,East,667,Car,Sunny,24,60.3,No,No,Low
2025-09-10,West,500,Bus,Cloudy,18,54.0,No,No,Low
2025-09-11,South,1126,Bike,Cloudy,27,41.0,No,No,Medium
2025-12-18,East,626,Bus,Sunny,31,52.0,No,No,Medium
2024-04-07,Downtown,648,Bus,Rainy,35,48.1,No,No,Medium
2025-05-20,Downtown,594,Truck,Sunny,28,53.2,No,No,Low
2024-07-31,East,601,Car,Sunny,30,60.0,No,No,Low
2025-02-10,South,794,Car,Rainy,32,42.2,No,No,Low
2025-07-15,Industrial,233,Bike,Sunny,23,65.7,No,No,Low
2024-10-28,Industrial,329,Bike,Sunny,26,69.8,Yes,No,Medium
2024-08-09,Industrial,765,Bus,Sunny,34,44.4,No,Yes,Low
2025-12-07,Downtown,855,Car,Sunny,25,44.8,No,No,Low
2024-04-03,Downtown,362,Car,Sunny,25,62.5,No,No,Low
2024-02-15,Downtown,704,Truck,Sunny,35,56.8,No,No,Low
2024-08-25,South,394,Truck,Sunny,30,63.2,No,No,Low
2025-11-04,West,980,Truck,Sunny,42,35.8,No,No,High
2026-03-21,South,984,Car,Cloudy,39,42.6,No,No,Medium
2025-10-12,Airport,461,Bike,Sunny,32,60.6,No,Yes,Low
2025-08-24,North,691,Car,Cloudy,41,51.4,No,No,Medium
2024-03-22,South,539,Bike,Sunny,19,64.4,No,No,Low
2024-05-17,Industrial,1014,Car,Cloudy,27,38.4,No,No,Medium
2024-12-16,West,1256,Car,Rainy,39,28.8,No,No,High
2026-06-12,South,150,Bus,Sunny,20,70.0,No,Yes,Low
2024-05-08,West,292,Bus,Sunny,27,66.3,No,Yes,Low
2025-03-10,North,572,Truck,Sunny,26,60.1,No,No,Low
2025-01-21,East,275,Bike,Cloudy,33,73.0,No,No,Low
2026-05-24,West,596,Bus,Cloudy,27,60.2,No,No,Low
2025-09-12,South,413,Bus,Rainy,18,71.5,No,No,Low
2025-05-18,East,704,Truck,Sunny,20,44.8,No,No,Low
2025-01-29,North,1022,Bike,Foggy,29,46.1,No,No,Medium
2025-12-14,East,1006,Bike,Rainy,29,31.8,Yes,No,High
2024-09-24,Industrial,281,Bus,Sunny,23,62.8,No,No,Low
2025-02-11,Downtown,617,Bus,Rainy,40,59.3,No,No,Medium
2024-11-11,Airport,526,Car,Sunny,22,57.0,No,No,Low
2025-12-16,North,713,Bike,Sunny,34,52.5,No,Yes,Low
2024-06-23,North,848,Bus,Sunny,32,44.1,No,No,Low
2024-07-24,North,726,Bus,Sunny,38,48.0,No,No,Low
2024-10-27,Downtown,822,Truck,Sunny,33,42.1,No,Yes,Low
2024-03-03,Industrial,966,Car,Sunny,37,41.4,Yes,No,High
2025-04-29,East,599,Truck,Sunny,25,60.0,No,No,Low
2025-09-17,Airport,1015,Truck,Rainy,30,35.4,No,Yes,Medium
2025-09-08,South,692,Bus,Sunny,33,50.3,No,No,Low
2025-10-15,Industrial,693,Truck,Rainy,39,59.3,No,No,Medium
2026-01-26,South,1307,Bike,Rainy,39,22.7,No,No,High
2024-10-27,Industrial,884,Bus,Rainy,40,40.6,No,No,Medium
2026-03-26,Airport,674,Bike,Sunny,39,52.0,No,No,Low
2024-06-23,Downtown,648,Car,Sunny,28,54.1,No,No,Low
2026-01-06,East,535,Car,Cloudy,33,60.6,No,No,Low
2025-08-12,Industrial,1073,Truck,Sunny,30,42.1,No,No,Medium
2024-08-16,South,1031,Car,Sunny,24,41.8,No,No,Medium
2026-05-23,West,574,Car,Sunny,30,60.0,No,No,Low
2025-06-16,West,296,Bus,Sunny,28,69.2,No,Yes,Low
2025-05-26,North,248,Truck,Sunny,40,72.1,No,No,Low
2025-05-29,South,327,Bike,Cloudy,30,68.9,No,No,Low
2026-04-27,Airport,745,Bus,Rainy,23,54.2,No,Yes,Medium
2026-04-14,Downtown,560,Bike,Sunny,42,51.6,No,No,Low
2026-01-14,Industrial,1332,Bus,Rainy,28,19.7,No,No,High
2025-04-13,West,488,Bus,Sunny,24,58.5,No,No,Low
2025-01-05,Downtown,141,Bus,Sunny,23,77.4,No,No,Low
2024-07-02,West,318,Truck,Cloudy,30,62.3,No,No,Low
2025-02-10,Industrial,756,Bus,Cloudy,39,55.8,No,No,Low
2024-10-08,East,976,Truck,Sunny,38,49.0,No,No,Medium
2024-01-24,West,756,Bike,Sunny,23,54.8,No,No,Low
2025-08-08,South,902,Car,Rainy,30,47.9,No,No,High
2026-04-17,East,559,Car,Cloudy,38,55.6,No,No,Low
2024-07-04,North,880,Car,Cloudy,22,41.8,No,No,Low
2025-07-29,Downtown,913,Car,Cloudy,31,42.5,No,No,Medium
2024-02-17,Industrial,817,Bike,Sunny,29,55.3,No,No,Low
2025-12-05,Airport,351,Car,Sunny,24,64.0,No,No,Low
2025-01-02,Industrial,765,Bike,Sunny,23,43.4,No,No,Low
2025-11-23,North,770,Bus,Sunny,40,52.2,No,No,Medium
2025-11-04,West,454,Bus,Sunny,31,60.8,No,No,Low
2024-10-03,Downtown,376,Bike,Sunny,28,64.0,No,No,Low
2024-01-11,North,1109,Bike,Foggy,34,36.6,No,No,High
2026-04-21,West,510,Truck,Rainy,37,52.6,No,No,Low
2024-11-21,South,829,Bike,Cloudy,34,42.8,Yes,No,Medium
2025-01-22,South,788,Car,Rainy,42,53.5,No,No,Medium
2024-07-06,Airport,372,Bike,Cloudy,40,59.1,No,No,Low
2025-02-20,Industrial,139,Car,Sunny,36,75.4,No,No,Low
2025-05-19,Industrial,805,Bus,Cloudy,35,51.8,No,No,Low
2025-09-23,Downtown,1092,Bike,Rainy,41,44.3,No,No,High
2024-02-13,North,400,Bus,Sunny,29,71.0,No,No,Low
2024-06-23,South,609,Bus,Rainy,27,56.6,No,No,Medium
2024-08-06,Industrial,798,Bike,Sunny,38,41.1,No,No,Low
2025-09-24,South,645,Car,Cloudy,18,51.2,No,No,Low
2024-12-29,East,419,Bike,Sunny,31,70.2,No,No,Low
2024-06-08,North,816,Bike,Sunny,23,47.4,No,No,Low
2025-03-25,North,291,Bus,Sunny,40,66.4,No,No,Low
2024-02-11,East,929,Truck,Rainy,33,37.8,No,No,High
2025-05-15,Airport,1219,Bus,Sunny,34,35.2,No,No,Medium
2024-04-22,North,846,Bus,Sunny,19,48.2,No,Yes,Low
2025-09-03,East,731,Bike,Sunny,25,58.8,No,No,Low
2024-09-12,Airport,985,Truck,Foggy,24,35.6,No,No,High
2025-09-17,Airport,318,Bus,Sunny,24,59.3,Yes,No,Medium
2024-07-23,East,513,Bike,Cloudy,25,66.5,No,No,Low
2025-06-06,Downtown,551,Truck,Sunny,40,60.0,No,No,Low
2024-07-05,Downtown,548,Truck,Sunny,21,58.1,No,No,Low
2025-01-07,Downtown,491,Car,Cloudy,22,63.4,No,No,Low
2025-06-25,North,1074,Truck,Sunny,22,32.0,No,No,Medium
2025-08-23,North,553,Bike,Rainy,28,64.9,No,Yes,Low
2025-06-30,Downtown,721,Bus,Sunny,42,54.2,No,No,Low
2025-10-06,East,383,Car,Cloudy,18,64.7,No,No,Low
2024-10-23,Downtown,298,Bus,Rainy,34,74.1,No,No,Medium
2025-01-28,East,835,Truck,Sunny,36,54.6,No,Yes,Low
2025-05-30,West,224,Truck,Sunny,35,70.0,No,No,Low
2025-06-30,Downtown,1080,Bus,Rainy,19,34.8,No,No,High
2024-04-28,South,833,Truck,Sunny,26,51.7,No,No,Medium
2024-10-28,Industrial,446,Car,Rainy,23,57.2,No,No,Low
2025-10-31,Industrial,1210,Bus,Rainy,36,35.6,No,No,High
2025-04-01,Industrial,757,Bike,Sunny,23,46.7,No,No,Low
2025-08-06,North,918,Truck,Sunny,30,41.3,No,No,Low
2024-05-26,North,506,Bike,Rainy,34,51.8,No,No,Medium
2024-04-12,Downtown,378,Car,Rainy,19,58.9,No,No,Low
2024-05-26,Downtown,885,Car,Foggy,28,42.6,No,No,Medium
2025-05-06,Airport,1016,Bus,Sunny,35,34.4,No,No,Medium
2026-04-24,West,295,Truck,Sunny,18,67.2,No,No,Low
2025-01-29,Industrial,300,Truck,Sunny,40,65.0,No,No,Low
2024-08-17,South,258,Car,Cloudy,20,65.7,No,No,Low
2025-03-14,West,908,Bus,Cloudy,27,44.7,No,No,Medium
2026-06-15,East,402,Truck,Rainy,20,59.9,No,No,Low
2024-11-23,East,502,Bike,Rainy,41,53.9,No,No,Low
2024-05-10,South,796,Truck,Cloudy,37,44.2,No,No,Low
2025-01-27,East,899,Bike,Cloudy,36,52.0,No,No,Medium
2026-03-06,North,453,Car,Sunny,18,68.9,No,Yes,Low
2024-04-22,South,361,Bus,Sunny,31,64.6,No,No,Low
2026-02-03,Industrial,174,Bus,Sunny,29,68.0,No,Yes,Low
2024-03-16,Airport,217,Bus,Sunny,20,76.3,No,No,Low
2026-02-22,Industrial,1005,Bus,Rainy,31,45.8,No,No,Medium
2024-10-20,Downtown,667,Car,Cloudy,30,59.3,No,No,Medium
2025-12-29,West,990,Truck,Rainy,20,36.4,No,No,High
2025-02-14,North,1068,Bike,Sunny,20,44.3,No,No,Medium
2025-10-30,Airport,363,Bike,Sunny,24,60.5,No,No,Low
2025-01-06,Downtown,444,Bus,Sunny,37,63.2,No,No,Low
2025-07-18,Downtown,566,Bus,Sunny,36,50.4,No,No,Low
2024-04-05,South,1154,Truck,Foggy,30,29.8,No,No,Medium
2024-12-05,West,698,Car,Cloudy,30,45.1,Yes,No,Medium
2024-06-14,East,1044,Car,Rainy,24,34.2,No,No,High
2025-05-28,West,511,Truck,Sunny,37,63.6,No,No,Low
2024-08-01,Downtown,582,Bus,Cloudy,18,57.7,No,No,Low
2026-06-07,Downtown,743,Bike,Sunny,26,53.3,No,No,Low
2024-03-13,Airport,961,Bike,Sunny,32,37.6,No,No,Medium
2025-08-05,South,604,Truck,Sunny,22,63.8,No,No,Medium
2024-11-17,Industrial,261,Bike,Cloudy,39,62.6,No,No,Low
2025-12-17,North,567,Car,Sunny,20,63.3,No,No,Low
2024-12-23,Industrial,554,Bike,Sunny,30,61.8,No,No,Low
2024-03-07,West,238,Bike,Sunny,32,66.5,No,No,Low
2024-05-29,South,701,Car,Foggy,29,50.0,No,No,Low
2024-08-04,East,494,Truck,Sunny,26,61.2,No,No,Low
2026-06-11,North,482,Truck,Sunny,31,61.7,No,Yes,Low
2024-07-22,East,656,Bike,Cloudy,31,57.8,No,No,Low
2025-07-28,Downtown,1181,Bus,Sunny,41,34.8,No,No,Medium
2024-06-03,East,799,Truck,Sunny,34,54.0,No,No,Low
2025-10-11,West,817,Car,Sunny,40,44.3,No,No,Medium
2025-01-21,North,233,Bus,Foggy,29,71.7,Yes,No,High
2026-04-18,East,790,Bike,Sunny,31,50.4,No,No,Low
2024-06-29,South,911,Bus,Cloudy,27,48.6,No,No,Medium
2025-12-19,Downtown,819,Car,Sunny,21,42.2,No,Yes,Low
2025-05-30,Industrial,779,Truck,Rainy,35,46.8,No,No,Medium
2024-05-07,East,559,Bike,Sunny,27,57.6,No,No,Low
2026-05-08,North,778,Car,Rainy,22,56.9,Yes,No,High
2024-11-21,West,674,Bike,Sunny,38,46.0,No,No,Medium
2025-03-15,East,342,Bus,Sunny,25,62.3,No,No,Low
2024-05-01,Airport,424,Bike,Rainy,35,61.0,No,No,Low
2024-04-05,Downtown,742,Bus,Sunny,20,42.3,No,No,Low
2025-04-09,Airport,823,Truck,Sunny,24,46.1,No,No,Low
2026-02-27,Downtown,373,Truck,Sunny,36,71.1,Yes,No,Medium
2024-05-05,South,492,Truck,Rainy,29,55.3,No,No,Low
2026-03-25,Downtown,503,Bike,Foggy,30,65.9,No,Yes,Low
2024-07-03,North,993,Car,Sunny,37,32.3,No,No,Medium
2025-06-18,Downtown,271,Bus,Cloudy,42,72.2,No,No,Low
2024-08-10,North,604,Bus,Sunny,26,49.8,No,No,Low
2025-12-26,South,621,Bike,Rainy,30,52.2,No,No,Medium
2025-12-04,East,923,Car,Cloudy,24,48.1,No,No,Medium
2025-03-09,South,696,Truck,Cloudy,36,46.2,No,No,Low
2024-06-20,South,521,Bike,Sunny,34,51.2,No,No,Low
2024-07-03,Airport,287,Bus,Sunny,29,70.5,No,Yes,Low
2024-01-10,Downtown,651,Truck,Sunny,25,58.0,No,No,Low
2025-09-08,North,282,Car,Cloudy,39,73.7,No,No,Low
2024-11-21,North,333,Car,Rainy,31,72.7,No,No,Low
2025-09-07,East,297,Bus,Cloudy,36,74.1,No,No,Low
2024-05-14,West,757,Car,Sunny,31,49.7,No,Yes,Low
2026-02-10,Downtown,662,Truck,Cloudy,32,48.5,No,Yes,Low
2025-09-24,North,1032,Car,Rainy,40,37.7,No,No,High
2024-03-31,Airport,299,Truck,Rainy,40,61.0,Yes,No,Medium
2024-02-19,South,650,Truck,Cloudy,40,50.0,No,No,Medium
2025-04-16,South,946,Bus,Rainy,31,37.2,No,No,High
2025-06-24,East,481,Bike,Foggy,25,61.8,No,No,Low
2024-12-27,Industrial,304,Bus,Cloudy,24,65.8,No,Yes,Low
2026-04-18,East,574,Car,Sunny,34,58.0,No,No,Low
2025-11-02,Downtown,636,Bus,Sunny,37,58.6,No,No,Low
2024-03-11,North,619,Truck,Foggy,32,50.2,No,No,Medium
2024-01-17,South,644,Car,Cloudy,21,57.2,No,No,Low
2024-08-05,West,156,Bike,Cloudy,21,77.8,No,Yes,Low
2024-07-17,East,525,Bus,Cloudy,31,52.0,No,No,Low
2024-04-23,Downtown,696,Car,Cloudy,26,56.2,No,No,Low
2025-02-06,Industrial,534,Truck,Cloudy,38,59.6,No,No,Low
2024-04-06,Industrial,676,Bike,Rainy,23,47.0,No,No,Medium
2024-07-10,North,181,Car,Cloudy,26,64.8,Yes,No,Medium
2024-12-26,Downtown,934,Bike,Rainy,18,43.6,Yes,No,High
2025-06-21,Airport,768,Bus,Rainy,28,52.3,No,No,Medium
2024-09-20,South,788,Truck,Cloudy,28,55.5,No,No,Low
2024-10-03,Industrial,552,Car,Sunny,22,49.9,No,No,Low
2025-08-14,East,741,Truck,Sunny,30,50.4,No,No,Medium
2025-04-05,South,544,Truck,Rainy,26,51.2,No,No,Medium
2025-06-16,Airport,383,Car,Sunny,29,56.7,No,No,Low
2025-12-02,Industrial,494,Bus,Cloudy,23,61.2,No,No,Low
2026-03-29,East,554,Car,Sunny,33,62.8,No,No,Low
2025-11-07,South,673,Bus,Sunny,39,47.1,No,No,Low
2024-05-26,East,797,Car,Sunny,25,52.1,No,Yes,Low
2025-02-12,South,376,Truck,Sunny,36,63.0,No,No,Low
2024-05-18,North,664,Truck,Sunny,32,57.4,No,No,Low
2024-04-08,East,616,Truck,Cloudy,29,60.4,No,No,Low
2025-04-17,Downtown,785,Bike,Sunny,25,51.6,No,No,Low
2025-09-27,South,1039,Car,Rainy,18,46.4,No,No,Medium
2026-05-09,Downtown,621,Truck,Rainy,21,62.2,No,No,Medium
2026-06-04,Industrial,376,Car,Rainy,33,61.0,No,No,Low
2025-10-05,Downtown,1083,Bike,Cloudy,22,31.7,No,No,High
2024-04-09,Downtown,650,Bike,Sunny,21,61.0,No,No,Low
2026-04-19,South,429,Bike,Rainy,38,58.8,No,No,Low
2024-06-23,Industrial,658,Bus,Cloudy,36,53.7,No,No,Low
2025-01-30,East,856,Bike,Rainy,21,37.8,No,No,High
2024-11-06,Industrial,917,Bike,Sunny,32,43.3,No,No,Low
2024-06-11,Airport,405,Bus,Sunny,20,59.8,No,No,Low
2025-11-02,South,931,Bike,Rainy,42,46.8,No,No,Medium
2026-05-09,East,868,Bike,Cloudy,34,45.3,No,No,Low
2025-12-15,West,850,Truck,Cloudy,18,45.0,No,No,Low
2025-11-12,Industrial,328,Bike,Sunny,41,63.9,No,No,Low
2026-02-12,Downtown,598,Truck,Sunny,42,48.1,No,No,Low
2024-11-24,East,443,Bike,Sunny,24,68.3,No,No,Low
2024-08-18,North,365,Bike,Rainy,36,60.4,No,No,Low
2024-02-04,South,1040,Bike,Cloudy,39,46.4,No,No,Medium
2024-07-13,Airport,240,Bike,Cloudy,22,75.4,No,No,Low
2026-06-13,Downtown,385,Bus,Rainy,25,66.6,No,No,Low
2024-08-17,East,934,Truck,Sunny,20,41.6,No,No,Medium
2025-09-17,East,735,Car,Cloudy,26,43.6,No,No,Low
2025-03-07,South,1152,Car,Sunny,42,26.9,No,No,Medium
2025-05-20,West,804,Car,Sunny,41,41.8,No,Yes,Medium
2025-05-05,Industrial,623,Car,Sunny,29,56.1,No,No,Low
2024-01-22,Airport,219,Bus,Cloudy,41,78.2,No,No,Low
2025-01-31,North,1041,Bike,Rainy,21,41.4,No,No,Medium
2024-07-17,Downtown,1057,Bus,Sunny,41,30.7,No,No,Medium
2026-06-13,Airport,470,Car,Sunny,19,60.2,No,No,Low
2024-05-12,East,806,Car,Cloudy,24,50.8,No,Yes,Low
2025-03-30,South,1032,Truck,Rainy,28,46.7,No,No,Medium
2024-02-25,Industrial,374,Bike,Sunny,34,63.0,No,No,Low
2025-01-16,Downtown,208,Bus,Cloudy,21,64.7,No,No,Low
2024-10-11,South,729,Car,Sunny,18,56.8,No,No,Low
2024-08-17,North,655,Bike,Cloudy,42,45.8,Yes,No,High
2026-02-11,Airport,817,Bus,Rainy,31,40.3,No,No,Low
2025-07-20,Industrial,1061,Truck,Rainy,36,45.6,No,No,Medium
2024-06-15,Industrial,90,Bus,Sunny,26,77.4,No,Yes,Low
2025-08-07,West,685,Truck,Sunny,42,47.6,No,No,Low
2025-08-05,Airport,666,Truck,Rainy,18,56.4,Yes,No,High
2025-10-15,East,457,Car,Cloudy,35,67.7,No,Yes,Low
2024-09-21,Airport,923,Bike,Sunny,37,42.1,No,No,Low
2025-11-01,Industrial,737,Bike,Cloudy,19,50.5,No,Yes,Low
2025-11-25,Industrial,305,Car,Cloudy,32,61.8,No,No,Low
2024-07-27,South,549,Bike,Sunny,18,61.0,No,No,Low
2025-02-21,East,671,Truck,Cloudy,22,48.2,Yes,No,High
2024-08-04,Industrial,961,Truck,Rainy,39,45.6,No,No,Medium
2024-03-20,West,981,Bike,Cloudy,19,48.8,No,No,Medium
2025-03-27,North,532,Truck,Rainy,29,60.7,No,No,Low
2025-12-10,Industrial,1032,Bike,Sunny,29,37.7,No,No,Medium
2026-03-16,West,948,Bus,Rainy,39,38.1,No,No,High
2024-09-23,South,907,Car,Sunny,36,41.7,No,No,Medium
2026-06-16,North,845,Car,Sunny,33,42.2,No,No,Low
2026-05-03,Industrial,662,Bus,Foggy,30,49.5,No,No,Medium
2025-12-14,Industrial,1020,Truck,Sunny,36,34.2,No,No,Medium
2024-03-16,East,727,Bike,Cloudy,42,46.9,No,No,Low
2026-01-11,Downtown,921,Bus,Rainy,38,45.2,No,No,Medium
2024-06-29,West,373,Truck,Rainy,28,73.1,No,No,Medium
2025-08-16,South,1037,Truck,Sunny,19,36.5,No,No,Medium
2025-06-15,West,850,Truck,Sunny,26,45.0,No,No,Low
2024-10-22,Airport,1139,Car,Rainy,24,42.4,No,No,Medium
2024-01-29,West,674,Bus,Sunny,24,58.0,Yes,No,Medium
2025-06-17,South,752,Car,Rainy,31,43.9,No,No,Medium
2024-10-12,Downtown,554,Truck,Rainy,20,65.8,No,No,Low
2024-10-09,Industrial,520,Car,Rainy,31,67.2,No,No,Low
2024-07-13,Airport,968,Car,Rainy,36,40.3,No,No,Medium
2024-09-28,East,927,Bus,Rainy,20,40.9,No,No,Medium
2025-03-20,West,610,Bus,Rainy,37,54.6,No,Yes,Medium
2025-05-10,North,925,Truck,Rainy,33,46.0,No,No,High
2025-05-07,North,860,Car,Foggy,31,44.6,No,No,Medium
2024-04-28,South,713,Car,Sunny,33,56.5,No,No,Low
2024-01-30,West,756,Bus,Rainy,42,51.8,No,No,Medium
2025-02-04,East,1040,Truck,Rainy,28,31.4,No,No,High
2025-04-03,West,769,Bus,Cloudy,37,45.2,No,No,Medium
2025-07-06,Downtown,642,Bike,Sunny,42,47.3,No,No,Medium
2024-08-03,North,578,Bus,Rainy,27,59.9,No,No,Low
2025-02-27,Industrial,292,Bus,Rainy,34,72.3,Yes,Yes,Medium
2024-02-13,South,858,Car,Sunny,26,49.7,No,No,Low
2024-05-14,Airport,490,Car,Sunny,41,52.4,No,No,Low
2025-09-11,Industrial,626,Bike,Sunny,28,47.0,No,No,Low
2024-10-07,Downtown,291,Truck,Foggy,31,73.4,No,No,Medium
2024-10-12,Industrial,801,Bus,Sunny,29,43.0,No,No,Low
2024-08-17,East,616,Bus,Sunny,27,49.4,No,No,Low
2025-07-28,Airport,780,Bike,Cloudy,33,47.8,No,No,Low
2026-02-24,East,911,Truck,Rainy,40,48.6,Yes,No,High
2024-10-01,Airport,713,Bike,Cloudy,28,58.5,No,No,Medium
2025-07-22,Downtown,238,Car,Sunny,18,65.5,No,Yes,Low
2024-07-21,Downtown,1049,Bike,Cloudy,22,43.0,No,No,Medium
2024-01-10,East,1216,Truck,Rainy,28,34.4,No,No,High
2025-10-27,South,557,Bus,Rainy,37,63.7,No,No,Low
2024-12-04,Airport,531,Bus,Sunny,28,54.8,No,No,Low
2024-03-09,Industrial,281,Bus,Sunny,21,74.8,No,No,Low
2024-06-09,Industrial,525,Bus,Sunny,27,60.0,No,Yes,Low
2025-10-01,West,309,Bus,Sunny,26,62.6,No,No,Low
2026-03-27,Industrial,1037,Bike,Sunny,26,45.5,No,No,Medium
2024-06-21,North,262,Car,Rainy,33,63.5,No,No,Low
2024-05-20,East,558,Bike,Sunny,35,61.7,No,No,Low
2024-12-29,South,826,Car,Rainy,38,43.0,No,No,Medium
2025-07-27,Industrial,248,Truck,Cloudy,29,73.1,No,No,Low
2026-02-28,Industrial,546,Bike,Sunny,24,55.2,No,No,Low
2024-07-19,West,447,Bus,Sunny,29,54.1,No,No,Low
2024-10-06,South,714,Bike,Sunny,26,43.4,No,No,Low
2025-09-14,East,193,Bus,Cloudy,21,64.3,No,No,Low
2025-12-31,Industrial,350,Bus,Rainy,21,59.0,No,No,Low
2024-04-09,Airport,793,Bus,Cloudy,39,45.3,No,No,Medium
2026-01-09,Downtown,610,Bike,Sunny,24,55.6,No,No,Low
2024-06-25,South,448,Bus,Cloudy,18,65.1,No,No,Low
2024-12-15,Airport,432,Car,Cloudy,20,56.7,No,No,Low
2024-11-21,Downtown,1164,Bus,Rainy,20,34.4,No,No,High
2026-02-04,South,488,Car,Sunny,36,59.5,No,No,Low
2024-10-06,South,521,Truck,Cloudy,36,67.2,No,No,Low
2026-04-29,Airport,695,Bus,Sunny,35,57.2,No,No,Low
2025-10-23,North,283,Truck,Cloudy,26,66.7,No,No,Low
2024-08-11,Downtown,742,Car,Cloudy,32,53.3,No,No,Medium
2025-01-21,Downtown,449,Truck,Rainy,18,69.0,No,No,Low
2024-12-10,North,716,Truck,Sunny,18,57.4,No,No,Medium
2025-08-12,Industrial,528,Bike,Cloudy,37,62.9,No,No,Low
2024-02-11,Downtown,310,Bike,Sunny,36,75.6,No,No,Low
2024-11-03,West,862,Bus,Foggy,39,38.5,No,No,Medium
2024-11-12,East,326,Bike,Sunny,23,61.0,No,Yes,Low
2024-08-29,Downtown,588,Bus,Sunny,18,59.5,No,No,Low
2025-04-27,East,803,Bus,Rainy,40,42.9,No,No,Medium
2024-05-11,East,891,Truck,Rainy,31,38.4,No,No,Medium
2025-05-15,West,517,Car,Sunny,29,67.3,No,No,Low
2025-09-17,Downtown,421,Bus,Sunny,31,67.2,No,No,Low
2025-03-11,South,284,Bike,Cloudy,31,72.6,No,No,Low
2026-05-04,Airport,113,Car,Sunny,30,77.5,No,No,Low
2025-08-11,Industrial,192,Bike,Sunny,31,77.3,No,No,Low
2026-01-29,West,461,Bike,Cloudy,35,58.6,No,No,Low
2025-06-28,Downtown,393,Bus,Sunny,26,70.3,No,No,Low
2024-02-19,Downtown,976,Car,Rainy,37,41.0,Yes,No,High
2024-12-11,Airport,600,Car,Cloudy,18,57.0,No,No,Low
2025-09-02,Industrial,188,Car,Cloudy,35,68.5,No,No,Low
2025-03-17,East,1059,Bus,Rainy,34,30.6,No,No,Medium
2024-11-30,North,904,Car,Sunny,38,48.8,No,No,Medium
2024-01-23,South,830,Car,Rainy,24,47.8,No,No,Medium
2025-06-10,Industrial,712,Car,Sunny,31,48.5,No,No,Low
2025-05-28,West,396,Bike,Rainy,31,69.2,No,No,Low
2024-10-08,West,461,Truck,Sunny,25,62.6,No,No,Low
2026-04-26,East,489,Truck,Cloudy,28,63.4,No,No,Low
2024-06-04,East,262,Bus,Cloudy,30,63.5,No,No,Low
2025-07-28,North,129,Truck,Sunny,32,71.8,No,No,Low
2024-12-26,East,979,Car,Rainy,25,36.8,No,No,High
2025-09-13,East,914,Bus,Sunny,23,48.4,No,No,Medium
2026-02-08,West,903,Truck,Sunny,39,45.9,No,No,Medium
2025-07-02,North,636,Bike,Cloudy,32,51.6,No,No,Low
2024-10-22,Airport,720,Truck,Rainy,21,56.2,No,No,Medium
2025-02-24,Downtown,831,Bus,Sunny,37,51.8,No,No,Low
2024-11-28,North,1008,Bike,Cloudy,37,47.7,Yes,No,High
2026-05-20,South,270,Bus,Sunny,28,63.2,No,No,Low
2024-07-30,East,840,Bus,Cloudy,23,41.4,No,No,Medium
2026-05-07,North,857,Bike,Rainy,39,53.7,No,Yes,Medium
2026-06-01,Airport,926,Bike,Foggy,40,35.0,No,No,High
2025-05-07,South,1150,Bike,Rainy,30,42.0,Yes,No,High
2025-03-14,North,446,Truck,Rainy,41,67.2,No,No,Low
2024-05-25,North,935,Truck,Sunny,40,41.6,No,No,Medium
2024-12-16,East,590,Truck,Rainy,37,52.4,No,No,Low
2025-06-18,North,547,Truck,Cloudy,40,59.1,No,No,Low
2025-12-31,South,638,Bus,Rainy,27,53.5,No,No,Low
2026-05-21,South,692,Bus,Cloudy,41,59.3,No,No,Medium
2024-06-23,North,455,Truck,Cloudy,38,69.8,No,No,Low
2024-06-28,Downtown,882,Car,Sunny,26,39.7,No,No,Medium
2024-12-31,West,602,Car,Rainy,34,53.9,No,No,Medium
2025-11-11,Industrial,1036,Car,Foggy,35,32.6,No,No,Medium
2025-04-02,North,548,Bus,Sunny,38,64.1,No,No,Low
2024-02-11,West,508,Truck,Sunny,20,60.7,No,No,Low
2024-07-31,West,907,Bike,Cloudy,28,41.7,No,No,Medium
2024-04-29,East,644,Bus,Sunny,27,59.2,No,No,Low
2026-01-07,North,805,Bike,Foggy,26,44.8,No,No,Medium
2025-06-03,South,762,Truck,Sunny,39,50.5,No,No,Low
2024-04-24,Downtown,441,Truck,Rainy,23,67.4,No,No,Low
2024-04-06,Industrial,651,Bus,Sunny,27,56.0,No,No,Medium
2025-04-28,South,666,Bus,Cloudy,42,50.4,No,No,Low
2025-09-16,South,532,Bike,Cloudy,26,58.7,No,No,Low
2026-05-26,North,663,Truck,Sunny,32,57.5,No,No,Low
2024-01-06,East,288,Truck,Cloudy,26,66.5,No,No,Low
2025-11-08,South,822,Truck,Sunny,35,45.1,No,No,Low
2025-09-24,Airport,949,Truck,Sunny,33,49.0,No,No,Low
2026-03-10,Industrial,177,Bike,Sunny,19,74.9,No,No,Low
2025-07-04,South,915,Car,Cloudy,42,39.4,No,No,Medium
2025-08-26,North,648,Car,Sunny,39,62.1,No,No,Low
2025-12-07,Airport,827,Car,Rainy,29,44.9,No,No,Medium
2024-11-24,East,869,Truck,Sunny,26,37.2,No,No,Medium
2024-05-02,East,799,Bike,Rainy,19,40.0,No,No,Medium
2025-03-23,Airport,436,Truck,Rainy,38,56.6,No,No,Medium
2024-04-04,West,1150,Bus,Rainy,32,32.0,No,No,Medium
2026-02-24,Airport,810,Truck,Cloudy,22,41.6,No,No,Low
2025-10-25,East,763,Bike,Rainy,37,41.5,No,No,Medium
2024-11-26,South,792,Bus,Cloudy,38,51.3,No,No,Medium
2024-06-05,North,208,Truck,Sunny,19,74.7,No,Yes,Low
2024-12-01,Industrial,479,Bus,Sunny,25,63.8,No,No,Low
2024-05-20,Airport,461,Bike,Sunny,24,67.6,No,No,Low
2025-02-12,Airport,837,Bike,Cloudy,34,54.5,No,No,Low
2024-06-15,East,791,Truck,Rainy,20,55.4,No,No,Medium
2025-06-04,Downtown,515,Car,Sunny,21,60.4,No,No,Low
2025-03-20,North,527,Car,Cloudy,18,60.9,No,No,Low
2024-05-24,West,294,Car,Sunny,42,66.2,No,No,Low
2025-01-15,Airport,1206,Bus,Sunny,22,28.8,No,No,Medium
2026-06-19,Downtown,778,Bike,Sunny,26,40.9,No,No,Low
2024-12-05,Downtown,933,Bus,Rainy,37,39.7,No,Yes,High
2024-04-12,North,584,Car,Sunny,32,62.6,No,Yes,Low
2026-05-27,Downtown,1050,Truck,Cloudy,28,41.0,No,No,Medium
2025-11-15,East,740,Bike,Rainy,25,46.4,No,No,Medium
2025-11-06,Downtown,435,Bike,Sunny,26,63.6,No,No,Low
2025-12-28,West,476,Truck,Rainy,39,54.0,No,No,Low
2025-10-09,North,428,Car,Sunny,23,54.9,No,Yes,Low
2025-05-07,North,540,Bike,Cloudy,35,58.4,No,No,Low
2024-12-11,South,449,Truck,Rainy,39,64.0,No,No,Medium
2024-09-26,East,283,Car,Foggy,32,69.7,No,No,Low
2026-06-13,East,347,Bike,Cloudy,34,74.1,No,No,Low
2024-05-25,Airport,359,Car,Sunny,42,73.6,No,No,Low
2024-02-18,West,516,Bus,Cloudy,23,56.4,No,No,Low
2024-08-19,West,582,Bike,Rainy,30,64.7,No,No,Low
2025-05-02,North,509,Truck,Sunny,27,53.6,No,No,Low
2026-02-12,North,781,Bike,Rainy,25,45.8,No,No,Medium
2025-02-04,North,551,Truck,Sunny,30,54.0,No,No,Low
2025-03-30,South,856,Truck,Sunny,21,52.8,No,No,Low
2025-11-07,Airport,884,Car,Cloudy,42,44.6,No,No,Low
2025-01-25,Industrial,595,Bike,Sunny,33,64.2,No,No,Low
2024-03-31,West,609,Truck,Sunny,40,48.6,No,No,Low
2026-06-04,Industrial,708,Truck,Rainy,39,45.7,No,No,Low
2024-04-13,North,909,Bike,Sunny,42,47.6,No,No,Medium
2025-06-15,Downtown,187,Car,Cloudy,36,71.5,No,No,Low
2025-08-17,West,848,Bike,Rainy,38,52.1,Yes,No,High
2026-06-03,East,669,Bike,Cloudy,18,48.2,No,Yes,Low
2025-02-26,East,457,Truck,Sunny,25,54.7,No,No,Low
2025-04-14,South,920,Bus,Sunny,28,46.2,No,No,Medium
2026-05-14,South,596,Truck,Cloudy,25,57.2,No,No,Low
2026-01-09,East,550,Truck,Cloudy,24,65.0,No,No,Low
2024-12-11,Airport,689,Bus,Foggy,36,60.4,No,No,Medium
2024-10-30,North,966,Bike,Cloudy,40,45.4,No,Yes,Medium
2024-05-29,West,517,Truck,Sunny,41,53.3,No,No,Low
2024-08-18,North,346,Bus,Cloudy,40,65.2,No,No,Low
2025-10-25,Downtown,506,Truck,Sunny,32,57.8,No,Yes,Low
2024-07-09,East,715,Bike,Rainy,26,54.4,No,No,Medium
2024-11-23,Downtown,864,Bus,Sunny,35,40.4,No,No,Medium
2025-12-26,South,1063,Car,Rainy,40,36.5,No,No,High
2024-10-02,East,405,Bike,Cloudy,23,69.8,No,No,Low
2025-10-27,East,707,Bus,Sunny,26,43.7,No,No,Medium
2025-05-17,Airport,1025,Bus,Foggy,35,40.0,No,No,Medium
2024-08-26,East,997,Bus,Rainy,18,43.1,No,No,High
2024-05-02,Downtown,576,Bike,Rainy,37,54.0,No,No,Low
2025-10-26,Downtown,662,Truck,Sunny,39,58.5,No,No,Low
2025-12-14,Airport,445,Truck,Sunny,31,56.2,No,No,Low
2024-09-23,North,370,Truck,Foggy,42,65.2,No,No,Low
2026-06-19,West,253,Car,Cloudy,34,71.9,Yes,No,Medium
2024-11-09,West,736,Truck,Rainy,37,48.6,No,No,Medium
2024-04-09,West,370,Truck,Cloudy,42,61.2,No,No,Low
2024-02-01,West,1105,Car,Rainy,29,43.8,No,No,Medium
2024-04-12,West,913,Bus,Foggy,39,47.5,No,No,Medium
2024-04-29,Downtown,455,Truck,Sunny,33,65.8,No,No,Low
2025-01-01,Airport,903,Car,Rainy,34,51.9,No,No,Medium
2026-02-14,North,779,Truck,Sunny,38,53.8,No,No,Low
2024-03-25,East,551,Car,Sunny,33,51.0,No,No,Low
2026-05-01,Downtown,916,Truck,Rainy,23,36.4,No,No,High
2024-01-29,East,693,Bus,Sunny,39,60.3,No,No,Medium
2026-05-19,South,990,Car,Rainy,25,34.4,No,No,High
2025-05-22,Industrial,358,Car,Sunny,21,64.7,No,No,Low
2024-06-30,South,549,Bike,Sunny,39,63.0,No,No,Low
2025-12-28,North,439,Truck,Sunny,30,60.4,No,Yes,Low
2024-09-16,Industrial,486,Bike,Sunny,40,55.6,No,No,Low
2024-06-11,North,872,Truck,Sunny,40,46.1,No,No,Medium
2024-10-20,South,590,Car,Rainy,24,63.4,No,No,Low
2024-05-10,East,340,Bike,Sunny,23,60.4,No,No,Low
2025-03-22,East,629,Bus,Sunny,34,52.8,No,No,Low
2024-02-14,North,795,Truck,Rainy,32,41.2,No,No,Medium
2025-01-24,West,515,Car,Sunny,41,65.4,No,No,Low
2026-05-13,West,529,Truck,Cloudy,19,52.8,No,No,Low
2025-06-14,West,1119,Bus,Rainy,21,27.2,Yes,No,High
2024-01-04,Airport,540,Bike,Rainy,38,52.4,No,No,Low
2025-10-26,Industrial,477,Bike,Sunny,41,67.9,No,No,Low
2024-09-13,East,445,Bike,Rainy,29,63.2,No,No,Low
2025-02-01,South,1192,Car,Sunny,31,31.3,Yes,No,High
2024-05-08,North,575,Bike,Sunny,32,60.0,No,No,Low
2024-11-29,North,935,Bus,Sunny,41,45.6,No,No,Medium
2025-07-15,Industrial,599,Truck,Sunny,38,61.0,No,No,Low
2024-07-23,West,261,Bus,Cloudy,32,67.6,No,No,Low
2025-08-04,South,562,Bus,Cloudy,22,63.5,No,No,Low
2026-06-07,Airport,927,Bike,Sunny,41,35.9,No,No,Medium
2026-03-16,Downtown,738,Car,Rainy,20,53.5,No,No,Medium
2026-01-31,South,632,Car,Sunny,32,51.7,No,No,Low
2024-11-06,North,365,Bus,Sunny,31,72.4,No,No,Low
2025-12-07,Industrial,941,Bus,Rainy,30,49.4,Yes,No,High
2026-02-24,Industrial,854,Truck,Rainy,18,48.8,No,No,Medium
2024-03-28,North,794,Bus,Cloudy,21,50.2,No,No,Low
2025-12-29,West,650,Bike,Sunny,23,54.0,No,No,Low
2025-06-09,Downtown,620,Bike,Sunny,40,61.2,No,No,Low
2024-12-11,Industrial,258,Bike,Cloudy,37,61.7,Yes,No,Medium
2025-01-24,East,640,Bike,Sunny,28,62.4,No,No,Low
2025-02-20,North,498,Truck,Rainy,26,66.1,No,No,Low
2026-04-04,Airport,181,Car,Sunny,25,75.8,No,No,Low
2024-06-06,Airport,890,Car,Rainy,28,40.4,Yes,Yes,High
2025-10-03,Airport,373,Truck,Rainy,40,59.1,No,No,Low
2024-04-03,Downtown,658,Bike,Rainy,20,61.7,Yes,No,High
2025-05-02,East,560,Bus,Cloudy,19,65.6,No,No,Low
2024-03-22,South,1093,Bus,Rainy,21,30.3,No,No,High
2024-07-10,North,788,Bike,Cloudy,34,46.5,No,No,Low
2024-09-13,North,241,Car,Cloudy,42,63.4,No,No,Low
2025-05-20,Downtown,994,Bike,Sunny,18,34.2,No,No,Medium
2025-08-25,Industrial,1027,Car,Cloudy,29,45.9,No,No,Medium
2025-05-26,South,941,Bus,Sunny,31,48.4,No,No,Medium
2026-03-26,Airport,308,Bike,Cloudy,31,63.7,No,No,Low
2025-01-25,East,365,Truck,Sunny,23,62.4,No,No,Low
2024-04-07,East,582,Bus,Sunny,23,56.7,No,No,Low
2024-07-13,Industrial,211,Bike,Sunny,39,66.6,No,No,Low
2024-11-27,West,611,Truck,Sunny,24,47.6,No,No,Low
2025-10-08,Industrial,674,Truck,Cloudy,22,55.0,No,No,Low
2026-04-06,South,570,Bike,Sunny,24,56.2,No,No,Low
2025-10-11,West,589,Truck,Cloudy,22,55.4,No,No,Low
2025-09-16,East,1165,Bike,Rainy,30,35.4,No,No,Medium
2025-06-25,West,524,Truck,Sunny,42,55.0,No,No,Low
2026-05-18,North,672,Bus,Cloudy,33,53.1,No,No,Low
2025-05-11,West,829,Bus,Rainy,37,47.8,No,No,Low
2026-01-23,Airport,431,Truck,Sunny,18,60.8,No,No,Low
2024-10-30,Industrial,677,Bike,Sunny,22,56.9,No,No,Medium
2024-06-09,Airport,977,Truck,Sunny,40,41.9,No,No,Medium
2025-08-23,Downtown,594,Car,Sunny,22,60.2,No,No,Low
2024-01-27,Industrial,791,Truck,Sunny,19,50.4,No,No,Medium
2026-02-13,West,541,Car,Rainy,20,53.4,No,No,Medium
2024-06-16,Downtown,337,Truck,Foggy,42,70.5,No,No,Medium
2024-03-04,Industrial,559,Bike,Cloudy,24,52.6,No,No,Low
2024-08-20,Industrial,339,Car,Sunny,19,65.4,No,No,Low
2026-06-10,South,482,Truck,Sunny,34,52.7,No,No,Low
2025-07-17,North,290,Car,Sunny,40,71.4,Yes,No,Medium
2026-04-28,North,474,Bus,Cloudy,27,64.0,No,No,Low
2025-02-01,Airport,799,Truck,Sunny,21,54.0,No,No,Low
2025-04-01,Industrial,1238,Bike,Sunny,21,28.5,No,No,Medium
2026-02-16,Industrial,847,Truck,Rainy,27,39.1,No,No,Medium
2025-08-03,West,578,Car,Sunny,28,60.9,No,No,Low
2025-04-13,Airport,453,Bus,Rainy,39,56.9,No,No,Low
2026-05-23,Downtown,1071,Car,Rainy,30,34.2,No,No,Medium
2024-02-24,Industrial,734,Bus,Foggy,26,42.6,No,No,Medium
2026-02-27,South,418,Bus,Sunny,24,55.3,No,No,Low
2024-06-27,Downtown,341,Bus,Cloudy,26,73.4,No,No,Low
2026-01-18,North,641,Car,Sunny,31,51.4,Yes,No,Medium
2025-08-13,Downtown,375,Truck,Rainy,26,65.0,No,No,Low
2024-08-28,Airport,771,Car,Foggy,31,56.2,No,Yes,Medium
2026-01-02,South,322,Truck,Sunny,35,70.1,No,No,Low
2025-07-07,Industrial,396,Truck,Sunny,29,71.2,No,No,Low
2025-02-21,Downtown,833,Truck,Rainy,32,43.7,No,No,Low
2024-12-17,North,410,Truck,Cloudy,36,61.6,No,No,Low
2024-03-24,West,782,Car,Cloudy,35,47.7,No,No,Low
2025-05-15,Industrial,431,Truck,Cloudy,30,65.8,No,No,Low
2025-12-05,Industrial,288,Bike,Sunny,40,76.5,No,No,Low
2025-05-22,Industrial,737,Truck,Sunny,35,48.5,No,No,Low
2024-01-17,Downtown,553,Bus,Sunny,26,62.9,No,No,Low
2025-11-08,Industrial,898,Truck,Sunny,37,51.1,No,No,Medium
2025-08-30,East,644,Car,Cloudy,33,49.2,No,No,Low
2025-12-06,South,529,Bike,Foggy,42,58.8,No,No,Medium
2024-04-04,Industrial,177,Car,Cloudy,33,73.9,No,No,Low
2026-03-06,North,327,Bike,Sunny,39,74.9,No,No,Low
2024-03-11,East,813,Truck,Cloudy,38,47.5,No,No,Medium
2024-04-30,East,879,Bus,Rainy,27,49.8,No,No,Low
2025-12-04,North,317,Bike,Cloudy,38,71.3,No,Yes,Low
2024-11-05,South,205,Bike,Sunny,21,67.8,No,No,Low
2026-01-28,Downtown,1006,Bike,Cloudy,40,42.8,No,No,Medium
2024-04-18,Downtown,553,Truck,Sunny,20,60.9,No,No,Low
2025-02-14,North,684,Car,Sunny,24,55.6,No,No,Medium
2024-09-26,Airport,286,Bus,Cloudy,24,64.6,Yes,No,Medium
2024-01-12,West,595,Car,Sunny,18,52.2,No,No,Low
2024-09-06,North,868,Bike,Cloudy,35,39.3,No,No,Medium
2025-11-14,North,472,Car,Cloudy,23,66.1,No,No,Low
2024-08-18,Downtown,1112,Bike,Sunny,24,38.5,No,No,Medium
2025-04-05,Industrial,1124,Bus,Cloudy,31,32.0,No,No,Medium
2025-09-05,East,889,Car,Sunny,20,40.4,No,Yes,Low
2025-01-13,South,942,Bike,Cloudy,35,43.3,No,No,Medium
2025-06-07,Airport,737,Bus,Cloudy,28,44.5,No,No,Low
2025-10-06,Airport,629,Truck,Cloudy,28,52.8,No,No,Low
2024-11-09,West,914,Bike,Sunny,24,39.4,No,No,Medium
2024-07-13,South,986,Truck,Sunny,21,41.6,No,No,Medium
2024-07-29,Airport,764,Truck,Sunny,25,49.4,No,No,Medium
2025-04-15,North,642,Truck,Cloudy,35,48.3,No,No,Low
2026-04-11,East,1008,Truck,Cloudy,31,34.7,No,No,Medium
2025-03-23,Downtown,318,Bus,Sunny,19,61.3,No,No,Low
2024-04-20,South,628,Bus,Rainy,24,47.9,No,No,Low
2024-04-24,Industrial,836,Truck,Sunny,37,46.6,No,No,Medium
2024-12-28,Downtown,706,Truck,Rainy,30,43.8,No,No,Medium
2024-04-03,West,647,Truck,Rainy,31,60.1,No,No,Medium
2024-06-18,South,569,Car,Sunny,37,55.2,No,No,Low
2024-04-12,Industrial,925,Bike,Sunny,37,35.0,No,No,High
2026-02-22,Industrial,880,Bike,Sunny,18,48.8,No,No,Low
2025-09-13,North,327,Car,Cloudy,30,68.9,No,No,Low
2025-02-18,Industrial,1301,Truck,Rainy,18,27.0,No,No,Medium
2025-04-08,East,396,Truck,Sunny,32,69.2,No,Yes,Low
2024-12-22,South,922,Truck,Cloudy,38,51.1,No,No,Medium
2026-05-16,South,988,Car,Rainy,20,33.5,No,No,High
2024-03-22,East,398,Bus,Sunny,23,65.1,No,No,Low
2025-06-17,Airport,313,Car,Cloudy,41,74.5,No,No,Low
2024-06-20,Airport,439,Bus,Cloudy,26,57.4,No,Yes,Low
2025-07-20,North,431,Bus,Cloudy,28,62.8,No,No,Low
2026-04-12,West,527,Car,Sunny,22,61.9,No,No,Low
2026-03-12,North,1053,Bike,Sunny,38,30.9,No,No,Medium
2025-01-21,South,799,Bike,Cloudy,35,52.0,No,No,Medium
2025-04-22,South,723,Bike,Rainy,34,44.1,No,No,Medium
2024-03-16,Airport,628,Truck,Sunny,27,56.9,No,No,Low
2024-07-22,East,927,Bus,Sunny,22,43.9,No,No,Medium
2024-09-07,North,387,Bike,Sunny,29,60.5,No,No,Low
2024-02-22,Industrial,1012,Car,Sunny,30,44.5,No,Yes,Low
2025-09-04,Airport,684,Bike,Sunny,20,50.6,No,No,Low
2025-06-02,Downtown,564,Bus,Rainy,34,65.4,Yes,No,Medium
2024-01-25,South,690,Bike,Sunny,34,58.4,No,No,Low
2025-03-19,Industrial,998,Car,Foggy,28,46.1,No,No,Medium
2024-05-27,Downtown,245,Bike,Sunny,18,75.2,Yes,No,Medium
2024-07-17,East,245,Truck,Foggy,23,77.2,No,No,Low
2024-08-12,Industrial,877,Bike,Sunny,28,47.9,No,No,Low
2024-09-21,West,1123,Truck,Cloudy,39,43.1,No,No,Medium
2026-04-05,North,935,Car,Sunny,27,46.6,No,No,Low
2025-08-28,Downtown,946,Bus,Cloudy,25,38.2,No,No,Medium
2025-12-15,South,649,Bike,Rainy,20,61.0,No,No,Low
2026-03-04,East,761,Bike,Rainy,18,52.6,No,No,Low
2024-11-11,East,645,Bike,Cloudy,27,51.2,No,No,Low
2024-06-12,West,406,Bike,Rainy,41,68.8,No,No,Low
2024-04-04,North,930,Car,Sunny,29,45.8,No,No,Medium
2024-03-30,South,689,Truck,Sunny,19,50.4,No,No,Low
2025-02-04,South,217,Truck,Cloudy,27,77.3,No,No,Low
2026-05-22,Industrial,756,Car,Cloudy,30,46.8,No,No,Low
2026-04-09,West,546,Truck,Sunny,25,60.2,No,No,Low
2024-09-03,Industrial,164,Bus,Sunny,22,69.4,No,Yes,Low
2026-01-10,Airport,510,Truck,Cloudy,31,60.6,No,No,Low
2025-04-29,South,505,Bus,Sunny,26,66.8,Yes,No,Medium
2025-11-05,Airport,660,Truck,Sunny,40,55.6,No,No,Medium
2026-06-07,Downtown,301,Bus,Foggy,28,64.0,No,No,Low
2025-06-09,South,911,Bus,Rainy,38,45.6,No,No,High
2025-01-16,Downtown,694,Bike,Rainy,22,60.2,No,No,Medium
2025-06-27,West,947,Bus,Sunny,32,43.1,No,No,Medium
2026-02-12,South,757,Truck,Sunny,20,54.7,No,No,Low
2026-06-24,North,608,Truck,Rainy,38,54.7,No,No,Medium
2024-09-17,Downtown,172,Bus,Sunny,30,66.1,No,No,Low
2026-04-01,Airport,1096,Bike,Sunny,42,37.2,No,No,High
2025-11-10,West,601,Bus,Cloudy,25,58.0,No,No,Low
2025-07-12,Downtown,194,Bike,Sunny,18,72.2,No,No,Low
2025-11-04,South,534,Bike,Sunny,29,59.6,No,No,Low
2025-07-09,Industrial,321,Car,Sunny,18,67.2,No,No,Low
2024-04-26,Downtown,625,Bike,Cloudy,20,49.0,No,No,Low
2024-06-29,West,284,Truck,Rainy,42,65.6,No,No,Low
2024-12-16,Airport,626,Bus,Cloudy,18,59.0,No,No,Low
2024-04-16,North,791,Bus,Sunny,41,47.4,No,No,Low
2025-07-24,South,614,Truck,Sunny,18,47.4,No,Yes,Low
2025-10-26,Industrial,881,Car,Foggy,21,39.8,No,No,High
2024-05-19,West,446,Truck,Sunny,38,63.2,No,No,Low
2026-04-21,Downtown,838,Car,Sunny,22,50.5,No,No,Low
2024-10-14,Downtown,158,Truck,Sunny,18,75.7,No,No,Low
2025-12-29,West,612,Car,Sunny,28,50.5,No,No,Low
2025-08-13,Airport,847,Car,Sunny,35,40.1,No,No,Medium
2025-08-14,South,513,Truck,Sunny,27,61.5,No,No,Low
2026-01-28,Downtown,343,Car,Rainy,33,69.3,No,No,Low
2025-07-08,North,998,Bus,Sunny,36,35.1,No,No,Medium
2025-04-26,Industrial,408,Bus,Sunny,34,55.7,No,No,Low
2026-06-15,Airport,1021,Bus,Cloudy,37,37.2,No,No,High
2024-10-26,East,1010,Bike,Rainy,21,39.6,No,No,High
2025-05-24,East,804,Bus,Rainy,38,46.8,No,No,Medium
2025-12-29,North,491,Car,Rainy,24,52.4,No,No,Low
2026-01-04,Downtown,924,Bike,Sunny,41,38.0,No,No,Medium
2024-11-28,Industrial,548,Truck,Sunny,24,56.1,No,No,Low
2025-05-16,East,943,Car,Sunny,19,50.3,No,No,Medium
2024-07-27,South,618,Bus,Sunny,33,61.3,No,No,Low
2024-11-06,East,377,Bus,Cloudy,30,71.9,No,No,Low
2025-03-24,Airport,745,Bus,Cloudy,35,46.2,No,No,Low
2024-10-01,West,927,Truck,Cloudy,27,34.9,No,No,Medium
2025-08-03,South,955,Truck,Rainy,35,49.8,No,No,Medium
2025-10-04,Downtown,714,Bus,Foggy,35,53.4,No,No,Low
2025-05-07,Downtown,831,Truck,Rainy,26,50.8,No,No,Medium
2025-08-01,Downtown,675,Bike,Cloudy,19,60.0,No,No,Low
2025-06-29,North,219,Bike,Foggy,36,76.2,No,Yes,Low
2024-07-28,West,254,Car,Sunny,40,67.8,No,No,Low
2025-01-14,South,1009,Car,Rainy,38,45.6,No,No,Medium
2024-04-05,West,944,Car,Sunny,41,41.2,No,No,Low
2025-05-02,West,484,Bus,Cloudy,33,65.6,Yes,No,Medium
2024-04-12,West,737,Bus,Rainy,29,56.5,No,No,Medium
2025-12-13,Industrial,526,Car,Foggy,24,56.0,No,No,Low
2026-01-25,North,972,Bus,Rainy,19,40.1,No,No,High
2024-05-17,Industrial,541,Bus,Sunny,39,52.4,No,No,Low
2025-04-30,North,192,Truck,Sunny,31,69.3,No,No,Low
2024-03-15,Downtown,932,Bike,Sunny,34,50.7,No,No,Medium
2025-08-22,North,505,Bus,Foggy,32,59.8,No,No,Medium
2024-08-07,North,684,Bike,Sunny,20,48.6,No,No,Low
2024-08-23,West,1024,Car,Cloudy,40,35.0,No,No,Medium
2025-06-14,North,76,Bus,Sunny,35,71.0,No,Yes,Low
2025-06-21,South,959,Truck,Sunny,31,39.6,No,No,Medium
2026-04-02,Industrial,1028,Car,Cloudy,41,32.9,No,No,Medium
2025-04-16,South,916,Truck,Sunny,42,35.4,No,No,Medium
2024-03-26,Airport,709,Car,Sunny,21,54.6,No,No,Low
2026-03-17,West,500,Car,Rainy,39,68.0,No,No,Low
2026-02-09,North,801,Car,Cloudy,35,55.0,No,No,Medium
2026-02-25,North,230,Truck,Cloudy,33,75.8,No,No,Low
2024-01-27,Downtown,431,Car,Cloudy,38,65.8,No,No,Low
2024-10-08,East,641,Bike,Cloudy,26,56.4,No,No,Low
2025-11-08,South,380,Bus,Rainy,40,71.8,Yes,No,Medium
2025-02-20,East,951,Bike,Cloudy,37,50.0,Yes,No,High
2024-05-08,South,534,Car,Rainy,34,66.6,No,No,Low
2024-09-24,South,637,Bus,Cloudy,25,58.5,No,No,Low
2025-06-25,East,866,Truck,Sunny,30,46.4,No,No,Low
2025-06-18,Industrial,1007,Truck,Sunny,31,42.7,No,No,Medium
2025-03-17,South,805,Truck,Sunny,27,44.8,No,No,Low
2026-02-07,Airport,547,Car,Sunny,29,55.1,No,No,Low
2024-07-15,Industrial,732,Car,Cloudy,27,58.7,No,No,Medium
2024-01-24,Downtown,764,Truck,Sunny,26,45.4,No,No,Low
2025-09-16,Industrial,356,Truck,Sunny,27,63.8,Yes,No,Medium
2026-02-22,Airport,493,Truck,Cloudy,41,56.3,No,No,Low
2024-04-02,West,264,Bike,Cloudy,35,67.4,No,No,Low
2025-08-30,Industrial,325,Bus,Cloudy,25,72.0,No,No,Low
2026-01-10,Airport,911,Bike,Rainy,32,48.6,No,No,High
2026-01-07,Downtown,134,Bus,Sunny,36,79.6,No,Yes,Low
2025-07-16,West,636,Car,Sunny,40,55.6,No,No,Medium
2024-05-02,Downtown,217,Bus,Sunny,19,65.3,No,No,Low
2026-06-10,Airport,635,Truck,Sunny,34,46.6,No,No,Medium
2024-05-22,North,540,Bus,Rainy,20,58.4,No,No,Low
2024-12-11,Downtown,446,Truck,Rainy,27,67.2,No,No,Low
2026-04-29,Downtown,239,Truck,Sunny,41,65.4,No,No,Low
2026-02-03,Airport,938,Car,Rainy,19,40.5,No,No,Medium
2025-02-03,Downtown,302,Car,Sunny,41,64.9,No,No,Low
2024-09-17,Downtown,917,Bike,Cloudy,33,50.3,No,No,Medium
2026-02-20,North,499,Bus,Foggy,19,61.0,No,No,Medium
2024-01-06,Airport,1042,Bus,Sunny,35,46.3,No,No,Medium
2025-02-21,North,698,Truck,Cloudy,29,44.1,No,No,Medium
2026-04-21,South,1026,Car,Rainy,18,39.0,No,No,High
2026-04-06,Airport,927,Bike,Rainy,42,48.9,No,No,Medium
2026-06-29,North,542,Truck,Cloudy,22,53.3,No,No,Low
2024-01-22,West,443,Bus,Foggy,42,58.3,No,No,Low
2025-02-17,Downtown,690,Bike,Cloudy,22,47.4,No,Yes,Low
2026-02-21,Industrial,426,Bike,Sunny,41,62.0,No,No,Low
2025-11-17,South,411,Bus,Rainy,35,64.6,No,No,Low
2024-12-18,Downtown,947,Bus,Rainy,18,38.1,No,No,High
2025-08-27,Industrial,742,Bus,Sunny,30,53.3,No,No,Low
2025-10-07,Downtown,580,Bike,Rainy,22,64.8,No,No,Low
2025-08-08,South,715,Bus,Rainy,36,59.4,No,No,Medium
2025-10-03,Airport,657,Bus,Cloudy,34,57.7,Yes,No,Medium
2024-03-05,Airport,492,Bike,Cloudy,37,52.3,No,Yes,Low
2024-03-08,Downtown,402,Truck,Sunny,41,69.9,No,No,Low
2026-03-03,West,339,Bus,Rainy,38,69.4,No,No,Low
2025-10-14,Downtown,1085,Bike,Sunny,19,32.6,No,No,Medium
2026-02-20,North,962,Bus,Sunny,33,48.5,No,No,Medium
2024-02-18,Industrial,1006,Car,Rainy,34,39.8,No,No,Medium
2024-07-18,East,1030,Bus,Sunny,29,35.8,No,No,Medium
2024-12-19,East,780,Car,Cloudy,23,42.8,No,No,Medium
2024-06-16,Downtown,538,Bus,Rainy,39,64.5,No,No,Low
2025-07-13,East,621,Car,Sunny,35,55.2,No,No,Medium
2024-02-20,Airport,266,Truck,Sunny,19,69.4,No,No,Low
2024-02-24,North,1023,Truck,Rainy,22,46.1,No,No,High
2024-06-23,Downtown,820,Bus,Cloudy,36,44.2,No,No,Low
2025-10-05,West,983,Bike,Sunny,33,46.7,No,No,Medium
2026-02-15,Airport,610,Bus,Rainy,39,47.6,No,No,Medium
2024-08-22,Industrial,781,Car,Cloudy,38,43.8,No,No,Low
2025-05-04,East,168,Bike,Sunny,22,65.3,No,No,Low
2025-07-07,Industrial,248,Bus,Sunny,23,73.1,No,No,Low
2026-03-06,East,761,Car,Cloudy,20,46.6,No,No,Low
2025-08-07,West,880,Bike,Foggy,35,44.8,No,No,Medium
2025-03-16,West,615,Truck,Rainy,22,57.4,No,No,Low
2025-09-11,North,603,Bike,Foggy,34,51.9,No,No,Medium
2026-06-22,Airport,876,Car,Cloudy,35,38.0,No,No,Medium
2024-04-03,North,257,Bike,Sunny,39,75.7,No,No,Low
2025-01-24,Downtown,845,Bike,Cloudy,22,51.2,No,No,Medium
2025-05-24,Airport,301,Bus,Sunny,41,70.0,No,No,Low
2024-01-01,North,622,Bus,Sunny,39,59.1,No,No,Low
2026-01-15,Industrial,719,Bike,Cloudy,26,53.2,No,Yes,Low
2024-10-01,West,588,Bike,Cloudy,37,55.5,No,No,Low
2025-11-30,West,1149,Truck,Rainy,24,29.0,No,No,High
2025-02-18,Downtown,475,Truck,Sunny,33,63.0,No,No,Low
2024-06-20,East,764,Bus,Rainy,39,48.4,No,No,Medium
2024-04-18,East,852,Truck,Sunny,26,47.9,No,No,Low
2025-09-16,Airport,848,Truck,Rainy,38,54.1,No,No,Medium
2024-03-17,West,715,Bike,Sunny,28,51.4,No,No,Low
2024-03-29,East,294,Truck,Sunny,28,66.2,No,No,Low
2025-01-09,Airport,790,Bike,Cloudy,25,50.4,No,No,Low
2024-01-17,Airport,338,Bus,Cloudy,42,69.5,No,No,Low
2025-04-12,West,1023,Car,Cloudy,37,35.1,No,No,Medium
2024-01-07,North,812,Bus,Rainy,29,43.5,No,No,Medium
2025-07-24,Downtown,777,Truck,Rainy,42,54.9,No,No,Medium
2024-11-01,East,775,Truck,Cloudy,26,51.0,No,No,Medium
2025-03-08,Airport,351,Truck,Sunny,21,71.0,No,No,Low
2024-01-27,Downtown,946,Car,Sunny,36,41.2,No,No,Low
2024-08-30,Airport,598,Car,Rainy,18,63.1,No,No,Low
2025-06-18,Industrial,568,Bike,Cloudy,27,65.3,No,No,Low
2025-09-23,West,607,Bike,Sunny,25,61.7,No,No,Low
2025-10-20,Industrial,466,Car,Sunny,40,64.4,No,No,Low
2024-08-02,North,588,Bus,Rainy,22,50.5,No,No,Low
2024-07-23,Airport,474,Car,Cloudy,41,55.0,Yes,No,Medium
2024-09-07,East,425,Bus,Sunny,35,70.0,No,No,Low
2025-06-15,Industrial,454,Bike,Sunny,32,64.8,No,No,Low
2025-10-04,North,896,Bike,Sunny,22,52.2,Yes,No,Medium
2025-01-26,North,348,Car,Sunny,32,73.1,No,No,Low
2024-03-05,North,880,Bus,Sunny,36,41.8,No,No,Low
2024-11-29,North,821,Bus,Rainy,41,49.2,No,No,Medium
2024-03-18,North,512,Bus,Sunny,40,57.5,No,No,Low
2025-07-23,East,505,Car,Cloudy,33,63.8,No,No,Low
2024-09-10,South,988,Truck,Rainy,33,35.5,No,No,High
2025-04-02,East,642,Car,Sunny,19,60.3,No,No,Medium
2025-05-24,North,773,Bike,Rainy,35,45.1,No,No,Medium
2024-01-29,North,296,Truck,Sunny,35,61.2,No,No,Low
2024-09-28,West,993,Bike,Cloudy,29,43.3,No,No,Medium
2024-12-31,Industrial,272,Bike,Rainy,42,61.1,No,No,Low
2024-11-05,Industrial,848,Car,Rainy,21,49.1,No,No,Medium
2024-08-03,Airport,957,Car,Sunny,42,44.7,No,No,Low
2024-04-04,East,674,Truck,Cloudy,37,45.0,No,No,Medium
2025-03-01,North,746,Bike,Sunny,19,46.2,No,No,Low
2024-07-31,Airport,877,Bike,Sunny,21,38.9,No,No,Low
2024-04-25,Downtown,551,Bus,Rainy,19,60.0,No,Yes,Medium
2026-02-17,North,410,Bus,Sunny,28,55.6,No,No,Low
2025-04-11,Airport,385,Truck,Rainy,27,58.6,No,No,Low
2024-01-24,East,535,Bus,Rainy,28,59.6,No,No,Low
2024-05-11,North,1087,Truck,Foggy,20,28.5,No,No,High
2026-01-02,West,217,Truck,Sunny,18,77.3,No,No,Low
2024-05-25,East,427,Truck,Cloudy,42,54.9,No,No,Low
2024-03-17,Downtown,809,Bus,Foggy,29,54.6,No,No,Medium
2025-07-24,Downtown,490,Bus,Cloudy,20,52.4,No,Yes,Low
2024-08-21,Airport,548,Truck,Cloudy,28,55.1,No,No,Low
2024-08-15,Airport,482,Truck,Sunny,29,66.7,Yes,Yes,Medium
2025-03-09,Downtown,639,Truck,Sunny,29,51.4,No,No,Low
2024-09-14,North,265,Truck,Cloudy,19,77.4,Yes,Yes,Low
2024-02-09,Airport,277,Bike,Cloudy,42,65.9,No,No,Low
2025-06-12,Downtown,793,Car,Rainy,22,43.3,No,No,Medium
2025-12-22,Downtown,715,Bus,Cloudy,19,50.4,No,No,Low
2024-03-22,South,830,Truck,Cloudy,21,38.8,No,No,Low
2025-08-01,South,142,Truck,Sunny,33,69.3,No,No,Low
2024-01-06,Industrial,534,Bus,Cloudy,32,63.6,No,No,Low
2025-03-23,South,87,Car,Cloudy,33,69.5,No,No,Low
2025-02-16,Downtown,271,Truck,Foggy,20,75.2,Yes,No,High
2025-05-12,Downtown,812,Truck,Sunny,25,41.5,No,No,Medium
2026-02-14,Industrial,208,Truck,Cloudy,40,68.7,No,No,Low
2024-09-18,West,964,Car,Rainy,33,49.4,No,No,Medium
2025-10-16,Downtown,785,Bus,Cloudy,31,49.6,No,No,Low
2025-02-24,North,395,Bus,Cloudy,36,63.2,No,No,Low
2026-02-19,North,625,Bus,Rainy,37,50.0,No,No,Medium
2025-04-01,Industrial,208,Truck,Sunny,39,69.7,No,No,Low
2024-02-22,Airport,909,Bus,Sunny,39,35.6,No,No,Medium
2024-04-07,North,982,Truck,Cloudy,37,46.7,No,No,Medium
2024-04-24,Downtown,976,Truck,Rainy,20,45.0,No,No,Medium
2024-11-07,North,1232,Car,Cloudy,34,29.7,No,No,High
2025-03-26,East,94,Car,Cloudy,35,83.2,Yes,Yes,Medium
2025-04-29,Airport,615,Bus,Rainy,37,49.4,No,No,Medium
2025-06-07,Airport,452,Truck,Rainy,34,65.9,No,No,Medium
2025-11-17,Industrial,555,Car,Sunny,21,51.8,No,No,Low
2025-03-09,East,522,Car,Cloudy,33,58.1,No,No,Low
2026-01-10,Downtown,513,Bike,Cloudy,38,60.5,No,No,Low
2026-06-25,Industrial,870,Truck,Rainy,41,50.2,No,No,Low
2024-09-29,South,371,Bus,Sunny,21,62.2,No,Yes,Low
2025-08-16,East,535,Truck,Cloudy,36,62.6,No,No,Low
2025-12-14,West,526,Car,Rainy,33,67.0,No,No,Low
2025-09-08,East,385,Car,Cloudy,24,63.6,No,Yes,Low
2025-11-08,Airport,612,Bus,Foggy,21,62.5,No,No,Medium
2024-01-01,North,719,Car,Rainy,30,43.2,No,No,Medium
2025-01-03,East,495,Bus,Sunny,38,58.2,No,No,Low
2024-10-07,East,443,Bike,Rainy,41,70.3,No,No,Low
2025-12-17,West,925,Car,Cloudy,30,39.0,No,No,Medium
2024-10-05,South,744,Bike,Cloudy,28,54.2,No,No,Low
2024-09-28,West,769,Bus,Cloudy,35,57.2,No,No,Low
2025-08-03,Airport,318,Car,Sunny,39,62.3,No,No,Low
2024-05-18,Industrial,490,Bus,Sunny,29,64.4,No,No,Low
2024-12-25,East,802,Car,Sunny,37,51.9,No,No,Low
2025-03-07,East,214,Bus,Sunny,37,78.4,No,No,Low
2024-02-20,Industrial,375,Truck,Rainy,26,66.0,No,No,Low
2025-01-19,Airport,369,Bike,Sunny,31,57.2,No,No,Low
2024-11-18,East,442,Bike,Sunny,27,60.3,No,No,Low
2026-04-04,East,830,Bus,Sunny,30,42.8,No,No,Low
2026-02-27,Industrial,473,Truck,Sunny,37,54.1,No,No,Low
2025-12-12,North,631,Bus,Sunny,42,61.8,No,No,Low
2024-11-14,Airport,528,Truck,Cloudy,23,53.9,No,No,Low
2025-01-16,West,62,Bike,Foggy,35,84.5,No,Yes,Medium
2025-06-12,Industrial,883,Bike,Foggy,23,47.7,No,No,Medium
2026-03-15,East,1000,Bus,Foggy,23,45.0,No,No,Medium
2024-05-30,North,468,Car,Sunny,33,66.3,No,No,Low
2025-12-14,East,684,Car,Cloudy,23,60.6,No,No,Low
2024-11-13,Industrial,346,Bus,Cloudy,42,59.2,No,No,Low
2024-09-17,South,346,Truck,Cloudy,24,62.2,No,No,Low
2024-06-06,South,633,Bike,Cloudy,20,58.7,No,No,Low
2024-09-05,Industrial,588,Bus,Cloudy,35,53.5,No,Yes,Low
2025-05-01,Downtown,167,Car,Rainy,25,75.3,No,Yes,Low
2024-02-03,Airport,927,Bus,Sunny,26,41.9,No,No,Medium
2026-05-18,Downtown,597,Car,Rainy,41,50.1,No,No,Low
2025-03-27,South,674,Car,Rainy,26,56.0,No,No,Medium
2024-09-25,Airport,955,Bus,Rainy,33,39.8,No,No,High
2025-12-22,Downtown,885,Truck,Sunny,32,44.6,No,No,Medium
2026-01-22,West,1000,Bike,Foggy,42,33.0,No,No,High
2024-11-18,Industrial,384,Bus,Rainy,39,68.6,No,No,Low
2024-02-07,West,916,Bike,Rainy,24,42.4,No,No,High
2025-04-05,North,875,Bus,Cloudy,38,52.0,No,No,Low
2025-02-05,North,866,Bus,Cloudy,36,43.4,Yes,No,Medium
2024-05-29,Airport,301,Car,Sunny,18,76.0,No,No,Low
2025-04-17,Downtown,986,Car,Rainy,39,47.6,No,No,Medium
2024-05-04,Downtown,861,Truck,Sunny,19,46.6,No,No,Low
2025-10-27,Downtown,1087,Car,Rainy,42,32.5,No,No,High
2024-11-18,Airport,1307,Truck,Rainy,24,19.7,Yes,No,High
2026-05-05,Downtown,879,Truck,Rainy,41,50.8,No,No,Low
2024-12-05,Downtown,172,Bike,Sunny,26,65.1,No,No,Low
2025-01-14,Industrial,567,Car,Rainy,27,63.3,No,No,Medium
2024-11-27,West,753,Truck,Rainy,18,47.9,No,No,Medium
2025-03-05,South,502,Bus,Sunny,30,65.9,No,No,Low
2025-06-24,East,887,Car,Cloudy,33,47.5,No,No,Low
2025-01-14,North,320,Truck,Cloudy,30,66.2,No,Yes,Low
2024-01-23,East,348,Truck,Cloudy,35,58.1,No,No,Low
2024-03-21,Airport,833,Truck,Rainy,29,48.7,No,No,Low
2025-04-16,South,449,Car,Cloudy,37,56.0,No,No,Low
2025-07-08,West,574,Bus,Sunny,22,54.0,No,No,Low
2024-05-24,South,1165,Car,Sunny,26,36.4,No,No,Medium
2024-05-15,South,609,Truck,Sunny,31,47.6,Yes,No,High
2024-05-24,East,809,Car,Rainy,20,46.6,No,Yes,Medium
2025-02-23,East,549,Bus,Sunny,33,55.0,No,No,Low
2025-09-17,Airport,288,Truck,Sunny,34,68.5,No,No,Low
2024-09-03,East,443,Car,Sunny,42,69.3,No,No,Low
2024-03-01,Industrial,458,Car,Sunny,37,67.7,No,No,Low
2026-04-15,South,501,Bus,Sunny,29,66.0,Yes,No,Low
2026-04-20,North,819,Car,Sunny,28,39.2,No,Yes,Medium
2024-09-19,Downtown,408,Truck,Cloudy,38,71.7,No,No,Low
2025-02-27,West,765,Bus,Rainy,26,44.4,No,No,Medium
2026-05-06,West,278,Bus,Foggy,35,62.9,No,No,Low
2024-09-21,North,384,Truck,Rainy,39,70.6,No,No,Low
2024-08-06,East,625,Truck,Cloudy,22,48.0,No,No,Low
2026-06-01,East,1158,Car,Rainy,25,34.7,No,No,High
2025-05-30,South,468,Bus,Sunny,38,57.3,No,No,Low
2024-02-18,Downtown,662,Bike,Rainy,30,55.5,No,No,Medium
2024-03-22,North,852,Bus,Cloudy,19,47.9,Yes,No,Medium
2024-04-19,Industrial,303,Truck,Rainy,25,62.9,No,No,Low
2026-03-08,Downtown,857,Car,Sunny,32,38.7,No,No,Medium
2024-06-21,East,1135,Truck,Rainy,26,28.6,No,No,High
2024-01-01,North,648,Bus,Sunny,36,47.1,No,No,Low
2024-06-10,Downtown,619,Car,Sunny,23,55.2,No,No,Low
2025-10-10,Downtown,873,Bike,Sunny,42,43.1,No,No,Low
2025-04-19,Downtown,766,Truck,Rainy,18,43.4,No,No,Low
2024-01-10,Industrial,762,Bus,Foggy,40,41.5,Yes,No,High
2024-12-22,North,143,Bike,Sunny,27,75.3,No,No,Low
2024-04-06,South,877,Bus,Foggy,25,46.9,No,No,Medium
2024-02-16,Downtown,237,Car,Sunny,36,62.5,No,No,Low
2025-08-07,Downtown,1001,Car,Cloudy,19,39.0,No,No,Medium
2025-05-27,Industrial,733,Bus,Rainy,36,53.7,No,No,Medium
2024-01-22,East,123,Bike,Sunny,28,72.1,No,No,Low
2026-04-28,East,401,Bus,Foggy,30,59.0,No,No,Low
2025-07-04,West,449,Car,Cloudy,42,61.0,No,No,Low
2024-12-04,Downtown,198,Car,Cloudy,39,71.1,No,No,Low
2025-10-14,East,733,Truck,Sunny,20,56.7,No,No,Low
2026-03-24,Downtown,715,Truck,Rainy,32,57.4,No,No,Medium
2026-05-27,Downtown,655,Bus,Cloudy,23,52.8,No,No,Low
2025-03-05,Airport,390,Car,Rainy,34,64.4,No,No,Low
2025-04-19,West,282,Bus,Sunny,29,60.7,No,No,Low
2024-07-12,North,653,Car,Cloudy,20,61.9,No,No,Low
2025-06-18,Industrial,482,Car,Cloudy,42,65.7,No,No,Low
2025-07-02,West,1006,Car,Rainy,32,36.8,No,No,Medium
2025-01-25,Downtown,1102,Car,Rainy,33,33.9,No,No,Medium
2025-07-14,North,402,Bike,Rainy,27,58.9,No,No,Medium
2024-05-21,Airport,378,Bike,Sunny,37,60.9,No,Yes,Low
2024-05-18,Downtown,463,Truck,Sunny,38,57.5,No,No,Low
2026-02-04,East,377,Truck,Cloudy,39,56.9,No,No,Low
2024-02-06,Downtown,496,Truck,Rainy,22,66.2,No,No,Low
2025-01-02,Downtown,321,Bus,Sunny,42,61.2,No,No,Low
2024-12-09,South,995,Bike,Sunny,29,39.2,No,No,Medium
2025-04-12,East,249,Car,Cloudy,39,67.0,No,No,Low
2024-04-01,Airport,847,Car,Cloudy,23,54.1,No,No,Low
2024-05-02,North,348,Truck,Sunny,36,64.1,No,No,Low
2025-03-05,West,579,Car,Sunny,31,49.8,No,No,Low
2024-08-27,North,518,Car,Cloudy,19,60.3,No,No,Low
2024-11-03,East,436,Bike,Sunny,42,61.6,No,No,Low
2025-03-02,South,308,Bike,Sunny,30,62.7,No,No,Low
2024-10-29,North,806,Bike,Cloudy,38,49.8,No,No,Low
2025-11-20,Industrial,717,Car,Cloudy,39,56.3,No,No,Low
2025-10-16,South,588,Car,Cloudy,25,58.5,No,No,Low
2026-06-27,South,649,Bike,Foggy,19,53.0,No,No,Medium
2024-09-08,Airport,1179,Car,Rainy,29,39.8,No,No,High
2024-01-29,South,929,Truck,Rainy,40,42.8,No,No,Medium
2024-12-04,West,476,Truck,Rainy,28,60.0,No,No,Low
2025-01-14,Airport,837,Truck,Sunny,34,40.5,No,No,Low
2024-08-01,Downtown,911,Bus,Sunny,18,44.6,No,No,Medium
2024-03-30,Airport,551,Bike,Cloudy,36,59.0,No,No,Low
2024-07-05,Downtown,1064,Bike,Rainy,42,32.4,No,No,High
2024-07-04,Airport,707,Truck,Sunny,35,50.7,No,No,Low
2025-03-01,Airport,865,Truck,Rainy,32,44.4,No,No,Medium
2024-08-19,Downtown,659,Car,Cloudy,34,50.6,No,No,Low
2024-05-03,Industrial,366,Bike,Sunny,23,65.4,No,No,Low
2025-03-19,South,422,Truck,Rainy,19,61.1,No,No,Low
2026-06-09,Downtown,753,Bike,Rainy,25,55.9,No,No,Medium
2025-08-14,Industrial,288,Truck,Sunny,26,61.5,Yes,No,Medium
2026-04-14,West,745,Car,Sunny,34,43.2,No,No,Low
2024-06-04,North,290,Bus,Sunny,24,60.4,No,No,Low
2024-11-04,Industrial,1092,Car,Rainy,38,43.3,No,No,Medium
2024-02-05,North,505,Bike,Cloudy,42,51.8,No,No,Low
2025-10-22,Industrial,751,Bike,Rainy,37,48.0,No,No,Medium
2024-05-31,Industrial,726,Bike,Sunny,37,43.0,No,No,Low
2025-01-07,Industrial,398,Bus,Rainy,31,67.1,No,No,Low
2025-04-25,Downtown,783,Bike,Sunny,21,45.7,No,No,Low
2025-01-25,Downtown,515,Bike,Sunny,35,56.4,No,No,Low
2026-05-29,Airport,714,Bike,Rainy,26,49.4,No,No,Medium
2025-03-29,North,506,Bus,Foggy,22,67.8,No,No,Low
2025-10-11,South,758,Truck,Foggy,41,46.7,No,No,Medium
2026-01-21,Downtown,371,Bike,Sunny,28,58.2,No,No,Low
2024-09-05,East,641,Bus,Sunny,26,61.4,No,No,Low
2024-04-17,East,1051,Truck,Sunny,21,40.0,No,No,Medium
2024-01-14,North,841,Bike,Sunny,27,45.4,No,No,Medium
2026-04-28,Industrial,198,Truck,Sunny,33,74.1,No,No,Low
2025-08-05,Industrial,283,Car,Sunny,20,70.7,No,No,Low
2025-03-14,West,683,Car,Cloudy,36,59.7,No,No,Low
2026-04-04,East,745,Car,Rainy,23,44.2,No,Yes,Medium
2026-06-06,Downtown,827,Bus,Rainy,24,51.9,No,No,Medium
2025-02-17,West,177,Bike,Sunny,24,77.9,No,No,Low
2025-05-10,Airport,797,Bus,Sunny,18,56.1,No,No,Medium
2025-09-28,West,907,Bike,Sunny,38,44.7,No,No,Medium
2024-04-28,Industrial,1183,Bike,Sunny,39,34.7,No,No,Medium
2024-08-26,Downtown,421,Bus,Sunny,42,67.2,No,Yes,Low
2024-10-16,East,932,Truck,Cloudy,31,46.7,Yes,No,High
2024-11-12,Airport,782,Bike,Cloudy,32,42.7,No,No,Low
2026-04-15,South,67,Bike,Cloudy,19,76.3,No,Yes,Low
2024-11-18,East,653,Bus,Sunny,36,50.9,No,No,Low
2025-03-27,Industrial,287,Truck,Sunny,24,71.5,No,No,Low
2025-04-22,North,802,Truck,Sunny,31,52.9,No,No,Low
2024-08-28,West,679,Truck,Rainy,36,56.8,No,No,Medium
2024-10-15,East,879,Bus,Sunny,27,45.8,No,No,Low
2026-03-15,West,744,Car,Sunny,42,50.2,No,No,Low
2025-08-15,North,1032,Truck,Rainy,39,35.7,No,No,High
2024-08-17,South,820,Bike,Sunny,24,55.2,No,No,Medium
2026-05-28,North,609,Bus,Sunny,36,48.6,No,Yes,Low
2024-04-27,East,886,Truck,Sunny,27,49.6,No,No,Low
2024-12-10,North,600,Bus,Sunny,36,57.0,No,Yes,Low
2024-03-06,West,451,Bus,Cloudy,41,58.0,No,No,Low
2024-07-27,South,667,Bike,Rainy,24,55.3,No,No,Medium
2024-01-03,Airport,1174,Car,Rainy,26,34.0,No,No,High
2024-09-22,East,331,Bike,Sunny,35,64.8,No,Yes,Low
2026-06-30,Airport,338,Bike,Sunny,25,72.5,No,No,Low
2024-07-06,North,794,Car,Sunny,36,52.2,No,No,Medium
2026-05-01,West,762,Truck,Rainy,26,42.5,No,No,Medium
2026-06-26,Industrial,175,Bike,Sunny,24,71.0,No,No,Low
2024-02-29,West,575,Truck,Rainy,37,61.0,No,No,Low
2024-07-04,Industrial,301,Bus,Sunny,37,64.0,No,No,Low
2024-05-17,West,326,Car,Sunny,25,72.0,No,No,Low
2025-03-27,Industrial,727,Car,Cloudy,18,55.9,No,No,Low
2026-03-05,West,428,Truck,Rainy,19,65.9,No,No,Low
2024-02-27,North,1147,Truck,Rainy,26,30.1,Yes,No,High
2024-05-10,East,399,Car,Rainy,42,70.0,No,No,Low
2024-06-16,South,717,Car,Rainy,41,51.3,No,Yes,Medium
2025-04-18,Airport,510,Bike,Cloudy,26,56.6,No,No,Low
2024-02-21,Industrial,701,Bus,Cloudy,39,48.0,No,No,Low
2025-06-01,North,509,Truck,Cloudy,40,63.6,No,No,Low
2024-10-15,West,963,Bus,Rainy,32,35.5,No,No,High
2024-04-12,Downtown,861,Car,Sunny,25,50.6,No,No,Medium
2024-02-21,East,563,Car,Rainy,38,53.5,No,No,Low
2024-04-16,West,478,Truck,Cloudy,42,55.9,No,No,Low
2024-06-28,East,648,Truck,Sunny,18,55.1,No,No,Low
2024-05-27,North,668,Bike,Cloudy,38,51.3,No,No,Low
2026-01-27,Industrial,500,Bus,Sunny,18,68.0,No,No,Low
2025-06-04,South,922,Car,Sunny,29,47.1,No,Yes,Medium
2025-12-01,West,1009,Truck,Sunny,37,36.6,No,No,Medium
2025-03-13,North,501,Bus,Rainy,25,66.0,No,No,Low
2025-04-30,North,435,Truck,Cloudy,30,56.6,No,Yes,Low
2026-04-08,Downtown,377,Truck,Cloudy,27,66.9,No,No,Low
2024-08-11,West,568,Truck,Sunny,25,63.3,No,No,Low
2025-10-23,Airport,222,Truck,Cloudy,30,71.1,Yes,No,Medium
2025-06-10,Industrial,805,Truck,Sunny,38,40.8,No,No,Low
2024-10-06,Airport,758,Bus,Rainy,20,45.7,No,No,Low
2026-04-28,South,650,Truck,Cloudy,29,59.0,No,No,Medium
2025-03-03,East,761,Truck,Rainy,34,42.6,No,No,Medium
2024-11-12,Airport,862,Car,Sunny,34,53.5,No,No,Low
2024-09-07,South,576,Bike,Cloudy,41,52.0,No,No,Low
2025-03-21,North,253,Truck,Cloudy,31,63.9,No,No,Low
2024-07-06,Industrial,247,Car,Sunny,24,77.1,No,No,Low
2026-06-20,Airport,806,Car,Sunny,42,47.8,No,No,Medium
2025-12-08,Industrial,174,Bus,Cloudy,18,78.0,No,No,Low
2025-02-23,Industrial,866,Bus,Rainy,24,47.4,No,Yes,Medium
2025-07-11,Airport,398,Car,Sunny,23,72.1,No,No,Low
2025-07-17,South,954,Bus,Rainy,39,34.8,No,No,Medium
2025-04-06,Industrial,337,Bike,Sunny,25,64.5,No,No,Low
2025-09-16,Airport,663,Bus,Sunny,20,48.5,No,No,Medium
2026-04-10,East,171,Bike,Sunny,42,67.2,No,No,Low
2024-06-07,Airport,887,Bus,Sunny,21,52.5,No,No,Low
2024-12-23,Industrial,782,Car,Cloudy,41,52.7,No,No,Low
2025-05-19,Industrial,232,Car,Sunny,36,78.7,No,No,Low
2026-05-26,North,296,Car,Cloudy,31,76.2,No,No,Low
2024-12-26,West,1164,Bus,Cloudy,23,25.4,No,No,Medium
2025-12-19,South,860,Bike,Cloudy,29,40.6,No,No,Low
2024-11-27,South,865,Bus,Sunny,31,37.4,No,No,Medium
2026-01-25,West,769,Car,Sunny,37,50.2,No,No,Low
2026-02-21,West,606,Bike,Cloudy,37,62.8,No,No,Low
2025-07-26,West,672,Truck,Sunny,37,54.1,No,Yes,Low
2025-02-24,South,792,Bike,Cloudy,41,43.3,No,No,Low
2024-10-26,Downtown,906,Truck,Sunny,39,47.8,No,Yes,Low
2024-11-30,Airport,543,Car,Sunny,30,51.3,No,No,Low
2026-05-10,South,938,Truck,Sunny,35,40.5,No,No,Low
2024-12-03,Industrial,309,Bus,Cloudy,41,70.6,No,No,Low
2026-06-05,North,580,Bike,Rainy,24,59.8,Yes,No,Medium
2026-02-17,Downtown,410,Truck,Cloudy,29,58.6,No,Yes,Low
2024-09-24,Airport,876,Bike,Foggy,27,38.0,No,No,High
2026-02-18,Downtown,119,Car,Cloudy,19,73.2,No,No,Low
2025-01-16,Downtown,347,Bus,Sunny,26,59.1,No,No,Low
2025-05-10,South,485,Bike,Cloudy,29,53.6,No,No,Low
2024-05-25,South,691,Truck,Cloudy,28,49.4,No,No,Low
2026-05-25,West,473,Car,Sunny,39,53.1,No,No,Low
2025-05-25,East,621,Truck,Cloudy,37,60.2,No,No,Low
2024-06-23,West,439,Bus,Sunny,22,65.4,No,No,Low
2024-04-14,Airport,391,Car,Sunny,23,58.4,No,No,Low
2024-08-30,Industrial,805,Bike,Cloudy,38,46.8,No,No,Medium
2024-12-20,Industrial,588,Truck,Cloudy,27,59.5,No,No,Low
2025-12-30,East,616,Car,Foggy,20,48.4,No,No,Medium
2024-02-23,Downtown,455,Truck,Sunny,27,60.8,No,No,Low
2025-10-15,Airport,390,Bus,Sunny,41,70.4,No,No,Low
2024-12-30,Industrial,362,Bike,Sunny,24,64.5,No,No,Low
2025-06-06,North,995,Bus,Sunny,20,39.2,No,No,High
2025-09-07,Downtown,219,Bike,Cloudy,35,68.2,No,No,Low
2025-07-10,Downtown,546,Truck,Rainy,20,53.2,No,No,Low
2025-12-09,South,436,Bus,Rainy,34,70.6,No,No,Medium
2026-06-03,East,934,Bike,Sunny,20,48.6,No,No,Medium
2024-06-15,West,1075,Car,Foggy,22,37.0,No,No,High
2025-10-06,South,125,Car,Cloudy,40,68.0,No,No,Low
2025-09-01,East,1052,Bus,Cloudy,39,34.9,No,No,Medium
2025-12-22,West,460,Bike,Cloudy,38,61.6,No,No,Low
2026-03-06,West,646,Bike,Cloudy,29,57.2,No,No,Medium
2024-05-09,Downtown,825,Car,Sunny,32,41.0,No,Yes,Low
2024-11-02,North,909,Bike,Rainy,42,44.6,No,No,Medium
2024-12-02,Airport,621,Bus,Sunny,30,49.2,No,No,Low
2026-01-13,Downtown,374,Bus,Cloudy,35,59.0,No,No,Low
2024-09-08,Airport,1198,Car,Sunny,18,29.1,No,No,Medium
2025-03-31,Downtown,712,Truck,Sunny,31,50.5,No,No,Low
2024-04-01,South,945,Car,Rainy,42,40.2,No,No,Medium
2025-11-20,Industrial,533,Car,Sunny,18,54.7,No,No,Low
2025-04-30,Industrial,476,Truck,Sunny,36,69.0,No,No,Low
2026-04-26,Airport,639,Car,Sunny,27,60.4,No,No,Low
2025-02-14,Industrial,195,Bike,Sunny,32,75.2,No,No,Low
2026-01-07,West,407,Bus,Sunny,40,65.7,No,No,Low
2024-11-25,South,505,Truck,Cloudy,30,66.8,No,No,Low
2024-07-09,Airport,698,Car,Sunny,39,48.1,No,No,Medium
2024-09-02,North,821,Bike,Sunny,42,52.2,No,No,Low
2024-12-17,North,1044,Car,Sunny,40,32.2,No,No,Medium
2024-04-17,East,650,Truck,Cloudy,38,54.0,No,No,Low
2025-01-17,North,665,Car,Sunny,22,51.4,Yes,No,Medium
2024-05-17,South,446,Truck,Cloudy,36,64.2,No,No,Low
2024-01-23,West,1021,Car,Sunny,39,31.2,No,No,High
2024-06-26,West,567,Truck,Rainy,28,56.3,No,No,Low
2025-07-04,North,701,Bike,Sunny,38,47.0,No,No,Low
2026-02-14,Airport,825,Car,Sunny,42,41.0,No,No,Medium
2025-05-20,East,353,Bike,Cloudy,41,69.9,No,No,Low
2026-02-18,Downtown,264,Truck,Sunny,37,67.4,No,No,Low
2026-04-25,Downtown,336,Bus,Cloudy,23,66.6,No,No,Low
2025-11-01,Downtown,648,Car,Rainy,18,54.1,No,No,Low
2024-01-21,Industrial,320,Bike,Cloudy,36,67.2,No,No,Low
2026-03-10,Industrial,1125,Car,Sunny,21,31.0,No,No,Medium
2026-02-07,East,704,Car,Cloudy,41,56.8,No,No,Low
2024-07-06,Downtown,664,Bike,Rainy,18,51.4,No,No,Medium
2025-03-05,West,861,Car,Sunny,21,43.6,No,No,Low
2025-05-01,West,103,Bike,Sunny,22,77.9,Yes,No,Medium
2025-02-04,North,93,Car,Cloudy,36,78.3,No,No,Low
2025-05-02,Downtown,258,Car,Sunny,36,75.7,No,No,Low
2025-09-22,North,821,Car,Cloudy,24,51.2,No,No,Medium
2024-02-12,East,399,Car,Cloudy,18,64.0,No,No,Low
2026-03-22,Downtown,590,Bus,Cloudy,18,57.4,No,No,Low
2025-02-20,Airport,460,Bus,Rainy,22,57.6,No,No,Low
2025-10-25,North,392,Truck,Sunny,20,56.3,No,No,Low
2024-10-05,Airport,436,Bike,Rainy,37,59.6,No,No,Low
2025-10-18,South,690,Car,Sunny,38,53.4,No,No,Medium
2024-01-25,South,580,Truck,Rainy,21,52.8,No,No,Low
2024-04-18,Downtown,700,Truck,Foggy,20,57.0,No,No,Medium
2026-06-20,South,857,Bike,Sunny,34,41.7,No,No,Low
2025-04-19,Downtown,718,Truck,Sunny,25,45.3,No,No,Medium
2024-04-22,East,296,Truck,Cloudy,27,72.2,No,No,Low
2026-01-24,Airport,451,Bus,Sunny,24,62.0,No,No,Low
2024-10-02,South,782,Bike,Rainy,25,53.7,No,Yes,Medium
2024-10-07,North,738,Car,Sunny,41,46.5,No,No,Low
2025-01-02,North,397,Bus,Sunny,30,65.1,No,Yes,Low
2025-04-09,Downtown,363,Car,Sunny,36,65.5,No,No,Low
2025-02-19,West,377,Car,Sunny,25,71.9,No,No,Low
2025-04-12,Industrial,1016,Bike,Rainy,35,40.4,No,No,High
2026-05-12,East,959,Bike,Foggy,18,49.6,Yes,No,High
2025-12-01,East,681,Car,Rainy,32,47.8,No,No,Medium
2026-06-22,Downtown,414,Truck,Cloudy,36,55.4,No,No,Low
2025-10-13,Downtown,667,Car,Sunny,31,59.3,No,No,Low
2025-01-19,West,795,Truck,Sunny,30,44.2,No,No,Low
2024-04-07,North,965,Truck,Rainy,40,35.4,No,No,High
2024-06-04,North,496,Bike,Cloudy,22,53.2,No,No,Low
2024-12-20,East,761,Truck,Cloudy,29,54.6,No,No,Low
2024-06-12,East,848,Car,Sunny,42,48.1,No,No,Low
2025-07-16,East,642,Car,Cloudy,29,55.3,No,No,Low
2024-04-27,East,179,Bus,Sunny,19,71.8,No,No,Low
2024-05-26,Downtown,949,Car,Rainy,22,47.0,No,No,Medium
2024-12-25,Downtown,730,Truck,Rainy,41,52.8,Yes,No,High
2026-04-14,South,439,Bike,Rainy,23,67.4,No,No,Low
2026-05-22,East,755,Car,Sunny,29,47.8,No,No,Low
2025-05-18,North,650,Truck,Cloudy,31,51.0,No,No,Low
2026-02-14,Industrial,313,Bus,Rainy,32,71.5,No,No,Low
2025-12-21,Industrial,1001,Bike,Foggy,20,46.0,No,No,Medium
2026-05-22,West,1078,Truck,Rainy,20,29.9,No,No,High
2025-01-05,East,361,Car,Rainy,27,64.6,No,No,Low
2026-06-03,South,839,Car,Sunny,30,41.4,No,No,Low
2024-03-29,East,849,Truck,Cloudy,26,43.0,No,No,Low
2025-02-13,South,943,Truck,Cloudy,39,49.3,No,No,Medium
2025-07-13,West,491,Bus,Cloudy,25,62.4,No,Yes,Low
2026-03-18,Airport,914,Bus,Rainy,31,47.4,No,No,Medium
2024-09-22,Airport,638,Car,Rainy,23,52.5,No,No,Medium
2024-03-25,North,708,Car,Sunny,41,43.7,No,No,Low
2025-05-23,Industrial,172,Bike,Sunny,40,79.1,No,Yes,Low
2026-04-27,West,530,Car,Sunny,18,65.8,Yes,No,Low
2024-09-03,East,305,Car,Cloudy,31,62.8,No,No,Low
2026-06-24,Industrial,950,Car,Rainy,27,50.0,No,No,Medium
2026-06-07,Industrial,644,Car,Sunny,28,49.2,No,No,Low
2025-04-28,West,747,Bike,Cloudy,32,43.1,No,Yes,Low
2025-04-24,Downtown,754,Bike,Sunny,37,45.8,No,No,Low
2024-07-26,Airport,642,Bike,Sunny,24,53.3,No,No,Low
2025-04-03,Airport,247,Car,Rainy,35,73.1,No,Yes,Low
2025-04-21,Downtown,252,Bus,Cloudy,42,73.9,No,No,Low
2024-06-15,West,834,Car,Rainy,30,52.6,No,No,Medium
2025-02-11,Downtown,990,Bike,Rainy,31,35.4,No,No,High
2025-08-14,Industrial,455,Bus,Sunny,31,57.8,No,Yes,Low
2024-03-15,Downtown,671,Bus,Sunny,38,53.2,No,Yes,Low
2024-10-15,Industrial,832,Car,Cloudy,27,47.7,No,No,Medium
2024-03-08,Downtown,455,Truck,Rainy,20,60.8,No,No,Low
2024-05-30,Downtown,635,Bike,Cloudy,35,55.6,No,No,Low
2025-12-31,Industrial,466,Truck,Sunny,28,56.4,No,No,Low
2025-05-25,Airport,266,Bus,Cloudy,31,76.4,No,No,Low
2025-07-19,Industrial,603,Car,Sunny,33,50.9,No,No,Low
2024-08-27,Airport,905,Bike,Cloudy,30,49.8,No,No,Medium
2024-08-20,Downtown,454,Bus,Sunny,29,67.8,No,No,Low
2024-05-24,Downtown,565,Bike,Sunny,34,60.4,No,No,Low
2026-04-04,East,643,Bus,Cloudy,33,53.3,No,No,Medium
2024-01-17,South,913,Car,Rainy,32,47.5,No,No,Medium
2024-06-14,South,868,Truck,Rainy,22,53.3,No,No,Medium
2024-02-16,East,307,Truck,Sunny,39,74.7,No,No,Low
2026-05-30,South,923,Bus,Rainy,31,46.1,No,No,High
2024-05-08,East,461,Bike,Cloudy,18,69.6,No,No,Low
2025-08-28,North,154,Car,Cloudy,26,65.8,No,No,Low
2026-05-04,East,1068,Bus,Cloudy,28,43.3,No,No,Medium
2024-09-20,North,541,Truck,Sunny,37,60.4,No,Yes,Low
2024-09-17,Airport,362,Car,Cloudy,34,62.5,No,No,Low
2024-08-03,Airport,403,Bus,Cloudy,23,59.9,Yes,No,Medium
2024-04-15,Airport,428,Bike,Rainy,37,57.9,No,No,Low
2024-06-17,North,685,Truck,Sunny,36,45.6,No,No,Low
2024-06-28,West,435,Car,Sunny,18,67.6,No,No,Low
2026-03-24,Downtown,410,Truck,Sunny,20,55.6,No,No,Low
2025-04-06,North,585,Car,Sunny,19,48.6,No,No,Low
2024-10-25,North,772,Bus,Sunny,26,48.1,No,No,Low
2026-06-02,West,323,Truck,Rainy,35,66.1,No,No,Medium
2024-02-03,Airport,896,Truck,Sunny,41,46.2,No,No,Low
2025-12-16,Industrial,562,Bus,Sunny,33,51.5,No,No,Low
2025-08-09,North,152,Truck,Cloudy,31,78.9,No,No,Low
2025-04-08,South,420,Bus,Cloudy,29,70.2,No,No,Low
2025-09-30,West,582,Truck,Sunny,35,48.7,No,No,Low
2026-02-05,Airport,924,Bike,Rainy,18,38.0,Yes,Yes,High
2026-05-12,Downtown,341,Bus,Sunny,27,59.4,No,Yes,Low
2024-09-22,Downtown,495,Bus,Sunny,25,52.2,No,No,Low
2024-09-07,Downtown,269,Bus,Rainy,29,68.2,No,No,Low
2024-10-17,Industrial,705,Car,Sunny,35,49.8,No,No,Medium
2024-07-17,North,496,Truck,Rainy,31,52.2,No,No,Low
2025-07-31,West,359,Bus,Sunny,42,62.6,No,No,Low
2024-02-28,Airport,147,Bike,Sunny,22,70.1,No,No,Low
2025-05-23,Downtown,173,Bike,Cloudy,20,70.1,No,No,Low
2026-03-04,Downtown,993,Bus,Rainy,21,37.3,No,No,High
2025-04-02,North,461,Car,Cloudy,31,63.6,No,No,Low
2025-11-14,East,803,Truck,Sunny,18,42.9,No,No,Low
2026-04-08,Downtown,449,Bus,Cloudy,28,55.0,No,No,Low
2024-06-19,Downtown,225,Truck,Cloudy,28,69.0,No,No,Low
2024-04-12,Downtown,970,Truck,Sunny,32,47.2,No,No,Medium
2024-09-24,North,712,Truck,Cloudy,20,50.5,No,No,Low
2025-10-05,Industrial,738,Car,Cloudy,27,57.5,No,No,Low
2025-03-17,East,885,Bus,Foggy,36,49.6,No,No,Medium
2024-04-07,Downtown,355,Bus,Sunny,31,73.8,No,No,Low
2025-10-13,Industrial,1007,Bus,Rainy,28,46.7,No,No,Medium
2025-02-18,Industrial,509,Truck,Sunny,23,57.6,No,No,Low
2026-01-24,Airport,261,Bike,Sunny,29,64.6,No,No,Low
2024-07-06,Airport,730,Bike,Sunny,23,48.8,No,No,Medium
2026-02-17,Industrial,542,Car,Sunny,25,59.3,No,No,Low
2025-08-10,Downtown,524,Car,Cloudy,40,55.0,No,No,Low
2025-02-12,Airport,305,Truck,Rainy,31,61.8,No,Yes,Low
2026-05-06,Downtown,593,Car,Rainy,42,55.3,Yes,No,Medium
2025-01-14,West,722,Bus,Sunny,20,55.1,No,No,Low
2025-12-12,Downtown,497,Bus,Cloudy,26,65.1,No,No,Low
2025-04-30,East,221,Truck,Sunny,18,73.2,No,No,Low
2025-04-19,South,777,Bike,Sunny,25,46.9,No,No,Low
2026-03-16,Downtown,447,Truck,Sunny,22,57.1,No,No,Low
2024-12-23,Downtown,867,Bus,Cloudy,30,52.3,No,No,Low
2026-02-09,Airport,689,Bus,Rainy,19,57.4,No,No,Low
2025-04-29,Downtown,834,Bike,Sunny,37,44.6,No,No,Low
2024-11-02,Downtown,352,Bus,Sunny,42,72.9,No,No,Low
2024-08-12,East,964,Truck,Rainy,26,33.4,No,No,High
2025-01-02,South,353,Bus,Sunny,36,71.9,No,No,Low
2024-07-21,Industrial,345,Truck,Sunny,37,74.2,No,Yes,Low
2025-10-02,Industrial,818,Truck,Sunny,28,39.3,No,No,Low
2025-08-18,West,995,Car,Sunny,38,35.2,No,No,Medium
2024-08-15,West,282,Truck,Sunny,30,74.7,No,No,Low
2026-06-18,East,862,Bike,Sunny,30,39.5,No,No,Medium
2025-11-05,Downtown,627,Truck,Rainy,19,61.9,No,No,Medium
2025-08-13,Airport,459,Truck,Sunny,35,62.6,No,No,Low
2025-01-07,Downtown,766,Truck,Rainy,26,57.4,No,No,Medium
2024-08-04,East,203,Bike,Cloudy,40,67.9,No,Yes,Low
2026-01-22,East,393,Bike,Rainy,37,72.3,No,No,Low
2025-06-04,East,576,Truck,Sunny,19,55.0,No,No,Low
2025-02-28,Industrial,655,Bus,Cloudy,34,45.8,No,No,Low
2026-03-28,Airport,477,Car,Rainy,22,66.9,No,No,Low
2024-09-25,East,576,Car,Cloudy,18,55.0,No,No,Low
2026-05-09,East,594,Bus,Cloudy,18,53.2,No,No,Low
2026-05-09,Industrial,645,Bus,Cloudy,28,53.2,No,No,Low
2024-04-02,Downtown,855,Bike,Rainy,30,42.8,No,No,Low
2024-07-30,West,624,Bus,Foggy,28,47.0,No,No,Low
2024-10-16,West,778,Bike,Sunny,20,54.9,No,No,Low
2024-01-03,West,1098,Bus,Foggy,34,36.1,No,No,High
2026-04-11,North,163,Car,Cloudy,34,77.5,No,No,Low
2025-11-10,Downtown,439,Truck,Rainy,42,66.4,No,No,Low
2026-06-22,Industrial,804,Bus,Rainy,18,53.8,No,No,Low
2024-04-27,West,275,Bus,Sunny,19,77.0,No,No,Low
2024-02-02,Airport,624,Car,Cloudy,37,52.0,No,No,Low
2026-05-02,South,943,Car,Cloudy,34,44.3,No,Yes,Medium
2024-07-07,East,789,Truck,Sunny,36,52.4,Yes,No,Medium
2024-06-24,East,344,Bus,Sunny,18,61.2,No,Yes,Low
2024-02-28,East,598,Bus,Cloudy,24,60.1,No,No,Low
2025-10-19,West,869,Bike,Rainy,41,41.2,Yes,No,High
2024-06-15,North,405,Bike,Cloudy,22,66.8,No,No,Low
2024-01-10,South,780,Bike,Sunny,25,54.8,No,No,Low
2024-05-15,East,690,Truck,Sunny,19,51.4,No,No,Low
2024-09-18,Industrial,651,Bike,Rainy,18,58.0,No,No,Medium
2026-05-10,North,446,Car,Sunny,33,65.2,No,No,Low
2025-12-30,North,768,Bus,Foggy,30,57.3,Yes,No,High
2024-10-17,North,452,Truck,Cloudy,39,54.9,No,No,Low
2024-07-09,East,739,Bus,Sunny,18,54.4,No,No,Low
2025-04-09,East,1023,Bus,Sunny,36,35.1,No,No,High
2026-01-24,West,940,Bus,Sunny,30,48.4,No,No,Medium
2025-04-06,South,423,Bike,Sunny,23,63.1,No,No,Low
2026-04-12,South,365,Bus,Cloudy,37,61.4,No,No,Low
2024-01-11,Downtown,505,Truck,Sunny,32,53.8,No,No,Low
2026-01-28,North,517,Car,Rainy,24,51.3,No,No,Low
2025-06-12,South,1121,Bus,Rainy,19,40.2,No,No,Medium
2026-05-02,South,275,Bus,Rainy,27,65.0,No,No,Low
2025-06-15,South,887,Bus,Sunny,31,39.5,No,No,Medium
2024-09-24,East,1153,Bus,Rainy,42,26.9,No,No,High
2025-02-15,Downtown,856,Car,Cloudy,18,50.8,No,No,Low
2024-04-12,West,994,Truck,Foggy,41,41.2,No,No,Medium
2024-11-13,East,961,Truck,Sunny,20,48.6,No,No,Medium
2024-11-19,Downtown,657,Car,Cloudy,20,46.7,No,No,Low
2025-03-05,Airport,1115,Bus,Foggy,37,29.4,No,No,High
2024-07-22,North,447,Bus,Cloudy,27,68.1,No,No,Low
2025-07-17,Airport,766,Truck,Cloudy,35,45.4,No,Yes,Low
2024-11-18,Industrial,583,Bike,Sunny,20,49.7,No,Yes,Low
2026-05-23,East,288,Bus,Foggy,29,71.5,No,No,Low
2024-07-16,West,986,Car,Cloudy,29,34.6,Yes,No,High
2024-11-24,South,273,Bike,Cloudy,30,76.1,No,No,Low
2024-01-03,Downtown,529,Bus,Rainy,28,58.8,No,No,Low
2026-02-18,Airport,939,Bus,Sunny,24,46.4,Yes,No,High
2026-02-24,Downtown,831,Bus,Cloudy,30,38.8,No,No,Medium
2025-06-30,North,706,Bike,Sunny,30,56.8,No,No,Medium
2024-07-30,North,918,Truck,Rainy,24,44.3,Yes,No,High
2026-05-20,West,1071,Car,Rainy,34,44.2,No,No,Medium
2025-09-02,Industrial,930,Car,Cloudy,41,43.8,No,No,Medium
2024-03-21,Industrial,603,Bus,Rainy,35,57.9,No,No,Medium
2024-02-18,Airport,480,Bike,Sunny,38,61.8,No,No,Low
2026-03-28,North,188,Bus,Sunny,39,79.5,No,No,Low
2025-01-07,South,1103,Bike,Rainy,35,31.9,Yes,No,High
2024-03-22,South,576,Bike,Rainy,41,57.0,No,No,Low
2026-06-16,East,866,Bus,Rainy,42,37.4,No,No,Medium
2024-08-25,Industrial,765,Bike,Sunny,29,55.4,Yes,No,Medium
2024-08-09,East,566,Car,Sunny,19,56.4,No,No,Low
2026-04-29,Downtown,687,Bus,Rainy,38,44.5,No,No,Medium
2025-07-12,Downtown,1058,Bus,Cloudy,19,29.7,No,No,Medium
2025-01-08,West,584,Truck,Sunny,32,62.6,No,No,Low
2025-01-10,West,651,Bus,Foggy,35,50.0,No,Yes,Medium
2024-12-23,Industrial,185,Truck,Sunny,22,73.6,No,No,Low
2025-09-11,South,844,Truck,Sunny,38,50.2,No,No,Low
2025-10-06,North,635,Truck,Rainy,30,51.6,No,No,Medium
2026-03-24,North,452,Car,Cloudy,31,60.9,No,No,Low
2024-04-15,South,290,Bike,Sunny,38,73.4,No,Yes,Low
2024-01-17,South,758,Car,Sunny,24,43.7,No,No,Low
2024-08-23,Industrial,549,Car,Sunny,19,64.0,No,No,Low
2024-03-04,North,657,Truck,Sunny,27,53.7,No,No,Low
2025-12-27,Industrial,670,Truck,Sunny,32,55.2,No,No,Low
2024-05-06,Downtown,802,Bike,Sunny,40,45.9,No,No,Low
2024-12-04,West,873,Bus,Sunny,26,51.1,No,No,Low
2025-07-14,Industrial,892,Bike,Sunny,41,51.3,No,No,Low
2025-07-09,Airport,1069,Car,Rainy,18,42.2,No,No,Medium
2024-09-04,Airport,249,Bus,Cloudy,39,74.0,No,No,Low
2024-09-22,Airport,603,Bus,Sunny,32,52.9,No,No,Low
2024-06-18,North,141,Bus,Sunny,22,73.4,No,No,Low
2024-01-23,South,839,Car,Sunny,23,47.4,No,No,Low
2024-08-05,Industrial,1051,Car,Cloudy,18,40.0,No,No,Medium
2026-06-01,Airport,502,Truck,Cloudy,32,53.9,No,No,Low
2025-07-18,Downtown,750,Car,Rainy,25,46.0,No,No,Medium
2026-03-03,Industrial,628,Bus,Rainy,24,48.9,No,No,Medium
2026-06-26,Industrial,404,Car,Foggy,33,69.8,No,No,Low
2024-07-31,Downtown,886,Bus,Sunny,23,45.6,No,Yes,Low
2025-10-07,Industrial,604,Car,Cloudy,19,62.8,No,No,Low
2024-01-19,Airport,631,Bike,Cloudy,31,50.8,No,No,Low
2025-08-05,Airport,629,Bus,Sunny,24,57.8,No,Yes,Low
2026-06-23,Industrial,1051,Car,Sunny,33,36.0,No,No,Medium
2025-06-19,Industrial,324,Bike,Rainy,37,75.0,No,No,Low
2024-02-05,West,970,Truck,Rainy,40,37.2,No,Yes,High
2026-03-04,North,196,Bus,Sunny,30,67.2,No,No,Low
2026-01-05,Industrial,1053,Car,Cloudy,27,39.9,No,No,Medium
2024-09-14,Industrial,432,Car,Sunny,23,60.7,No,No,Low
2025-06-27,East,650,Truck,Sunny,28,60.0,No,No,Medium
2025-12-13,Airport,905,Bus,Rainy,38,50.8,No,No,Medium
2024-12-03,Airport,859,Truck,Sunny,20,45.6,No,No,Medium
2025-10-19,South,586,Bike,Rainy,26,58.6,No,No,Medium
2025-03-14,West,675,Truck,Cloudy,39,45.0,No,No,Medium
2026-05-28,North,310,Bike,Rainy,36,61.6,No,Yes,Low
2025-02-14,Downtown,682,Bike,Sunny,39,52.7,No,No,Low
2025-05-26,East,206,Truck,Sunny,29,71.8,No,No,Low
2025-03-17,Downtown,1002,Car,Sunny,31,35.9,No,No,Medium
2025-11-30,Downtown,542,Bike,Sunny,23,59.3,No,No,Low
2024-03-11,West,401,Bike,Rainy,24,69.0,No,Yes,Medium
2025-03-12,Airport,360,Bus,Rainy,41,57.6,No,No,Low
2025-02-22,West,943,Truck,Rainy,34,35.3,No,No,High
2024-02-16,Industrial,535,Car,Cloudy,37,52.6,No,No,Low
2024-10-02,Downtown,873,Bike,Cloudy,33,52.1,No,No,Low
2026-05-10,North,329,Truck,Sunny,34,68.8,No,No,Low
2025-04-20,Airport,848,Bike,Rainy,18,53.1,No,No,Medium
2025-08-09,Downtown,1023,Truck,Cloudy,22,31.1,No,No,Medium
2026-01-04,South,422,Bus,Cloudy,25,71.1,Yes,No,Medium
2026-02-20,West,227,Truck,Cloudy,27,69.9,No,No,Low
2025-07-31,Industrial,463,Bike,Cloudy,37,62.5,No,No,Low
2025-06-09,South,761,Bus,Sunny,22,57.6,No,No,Low
2025-12-14,Downtown,279,Bike,Sunny,31,71.8,No,No,Low
2025-01-20,Airport,299,Truck,Sunny,34,74.0,No,No,Low
2025-12-17,East,363,Bus,Rainy,39,59.5,No,No,Medium
2026-03-28,West,552,Bus,Sunny,29,58.9,No,No,Low
2025-09-29,Airport,1138,Car,Rainy,32,33.5,No,No,High
2024-05-01,West,740,Car,Foggy,39,43.4,No,No,Medium
2024-11-19,West,845,Bike,Sunny,32,48.2,No,No,Low
2024-03-13,East,772,Bike,Sunny,35,42.1,No,No,Low
2026-02-05,West,659,Car,Sunny,19,54.6,No,Yes,Low
2025-06-06,Industrial,934,Bike,Sunny,26,48.6,No,No,Medium
2024-07-29,Airport,534,Bus,Foggy,22,62.6,No,No,Low
2024-07-03,Airport,201,Car,Cloudy,35,80.0,No,No,Low
2026-05-17,West,570,Bus,Rainy,18,50.2,No,Yes,Low
2024-02-18,North,781,Bus,Cloudy,30,47.8,No,No,Low
2024-10-08,Industrial,490,Bike,Cloudy,19,62.4,No,No,Low
2025-03-06,East,616,Bike,Rainy,24,61.4,No,No,Low
2026-03-30,North,364,Car,Rainy,24,67.4,No,No,Low
2025-10-09,Airport,289,Truck,Sunny,38,75.4,No,No,Low
2025-09-09,North,838,Truck,Rainy,29,44.5,Yes,No,Medium
2024-03-19,South,715,Bike,Foggy,42,50.4,No,No,Medium
2026-05-21,East,760,Bike,Sunny,42,43.6,No,No,Low
2025-08-19,Airport,460,Bike,Cloudy,22,62.6,No,No,Low
2024-12-31,South,506,Truck,Sunny,18,64.8,No,No,Low
2024-11-01,East,819,Bus,Rainy,42,45.2,No,No,Low
2024-12-29,South,679,Bike,Rainy,39,58.8,No,No,Medium
2024-04-16,West,846,Bus,Rainy,28,47.2,No,No,Medium
2026-04-21,North,891,Truck,Sunny,20,44.4,No,No,Medium
2024-09-10,Airport,849,Bike,Sunny,27,53.0,No,No,Low
2025-02-02,Downtown,499,Truck,Rainy,38,67.0,No,No,Low
2026-01-28,East,449,Car,Sunny,23,57.0,No,No,Low
2025-08-01,Industrial,810,Truck,Rainy,27,54.6,No,No,Medium
2025-12-16,West,480,Truck,Rainy,32,56.8,No,No,Medium
2026-04-09,West,296,Bike,Sunny,24,64.2,No,No,Low
2026-05-23,Industrial,321,Car,Cloudy,23,65.2,No,No,Low
2025-01-21,Downtown,362,Bike,Foggy,18,69.5,No,No,Low
2024-10-11,North,801,Bus,Sunny,37,41.0,No,No,Low
2024-08-01,East,397,Bus,Rainy,18,70.1,No,No,Medium
2024-03-14,Industrial,733,Truck,Sunny,18,48.7,No,No,Low
2026-03-06,East,545,Truck,Rainy,27,62.2,No,No,Low
2024-04-22,North,1219,Bike,Rainy,36,35.2,No,No,High
2025-10-10,West,230,Bus,Cloudy,26,63.8,No,No,Low
2024-08-09,Downtown,785,Bus,Rainy,41,48.6,No,No,Medium
2025-11-30,East,316,Bike,Sunny,36,74.4,No,No,Low
2024-08-27,South,627,Truck,Sunny,39,52.9,No,No,Low
2025-01-01,South,159,Bike,Cloudy,24,65.6,No,No,Low
2024-01-15,South,451,Bus,Sunny,34,70.0,No,No,Low
2025-05-29,Downtown,495,Bike,Foggy,20,54.2,No,No,Low
2024-08-22,West,640,Bike,Sunny,33,60.4,No,No,Low
2024-02-16,East,820,Truck,Sunny,19,39.2,No,No,Medium
2026-06-03,Industrial,423,Bus,Sunny,26,61.1,No,No,Low
2025-02-17,North,898,Bus,Sunny,28,46.1,No,No,Low
2025-11-22,North,697,Truck,Rainy,18,59.1,No,No,Low
2024-04-15,South,842,Truck,Rainy,30,45.3,Yes,No,High
2026-05-19,North,519,Bus,Sunny,28,55.2,Yes,No,Medium
2025-11-11,South,761,Bike,Sunny,41,42.6,No,Yes,Low
2024-04-26,West,331,Truck,Sunny,38,63.8,No,No,Low
2025-01-22,North,947,Bus,Rainy,31,44.1,No,No,Medium
2024-08-09,West,289,Bike,Sunny,31,68.4,No,No,Low
2025-06-08,North,304,Truck,Sunny,29,73.8,No,Yes,Low
2025-10-02,Industrial,419,Truck,Sunny,30,60.2,No,No,Low
2025-02-17,West,639,Car,Sunny,23,53.4,No,No,Medium
2024-03-03,East,598,Truck,Sunny,25,59.1,No,No,Low
2024-10-22,Airport,782,Bike,Sunny,24,53.7,No,No,Low
2026-02-19,West,703,Truck,Rainy,40,47.9,No,No,Medium
2024-04-15,Downtown,451,Bus,Cloudy,31,61.0,No,No,Low
2024-10-04,South,657,Bike,Cloudy,39,58.7,No,No,Low
2025-02-06,North,1057,Truck,Cloudy,37,31.7,No,No,Medium
2024-04-08,Industrial,889,Car,Sunny,24,38.4,No,No,Low
2024-09-07,Airport,88,Bus,Cloudy,23,76.5,No,No,Low
2025-09-20,West,302,Car,Cloudy,36,63.9,No,No,Low
2024-10-19,West,678,Truck,Rainy,38,48.9,No,No,Medium
2026-05-01,East,699,Truck,Sunny,24,58.0,No,No,Low
2026-02-05,Industrial,940,Truck,Sunny,34,37.4,No,No,Medium
2025-10-19,East,191,Truck,Cloudy,39,71.4,No,No,Low
2024-12-02,Downtown,831,Car,Sunny,42,41.8,No,No,Low
2026-03-05,West,350,Truck,Rainy,24,66.0,No,Yes,Low
2024-08-08,East,234,Bike,Cloudy,35,63.6,No,No,Low
2025-07-12,Downtown,196,Car,Foggy,24,72.2,No,No,Medium
2024-04-03,Downtown,97,Truck,Cloudy,20,77.1,No,No,Low
2024-02-09,West,404,Bike,Rainy,35,57.8,No,No,Medium
2025-09-08,South,1059,Bus,Sunny,34,39.6,No,No,Medium
2025-07-20,Downtown,870,Bus,Sunny,33,40.2,No,Yes,Low
2026-05-07,North,530,Bike,Sunny,40,65.8,No,No,Low
2024-07-27,Downtown,826,Truck,Rainy,27,39.0,No,No,Medium
2025-06-17,Downtown,627,Truck,Sunny,38,50.9,No,No,Low
2025-12-14,North,546,Bike,Cloudy,27,52.2,No,No,Low
2025-07-21,Industrial,385,Bike,Sunny,30,65.6,No,No,Low
2024-09-12,Downtown,338,Truck,Sunny,20,68.5,No,Yes,Low
2025-02-24,East,627,Bus,Sunny,29,56.9,No,No,Low
2026-02-14,Industrial,742,Truck,Rainy,27,44.3,No,Yes,Medium
2025-08-20,Industrial,931,Truck,Cloudy,30,50.8,No,No,Medium
2025-09-04,Downtown,798,Truck,Sunny,28,51.1,No,No,Low
2024-08-01,Airport,943,Truck,Rainy,38,48.3,No,No,Medium
2025-02-03,Airport,432,Truck,Sunny,18,55.7,No,Yes,Low
2024-10-28,Downtown,310,Bus,Sunny,31,60.6,No,No,Low
2025-03-31,Downtown,286,Bike,Sunny,42,64.6,No,No,Low
2024-05-24,East,260,Bus,Sunny,39,68.6,No,No,Low
2025-07-19,North,647,Bus,Sunny,22,57.1,No,No,Medium
2025-08-28,Downtown,737,Car,Sunny,26,45.5,No,Yes,Low
2025-01-16,Downtown,310,Bus,Sunny,42,69.6,No,Yes,Low
2024-05-29,West,343,Bus,Rainy,27,69.3,No,Yes,Low
2025-07-23,Airport,50,Bike,Cloudy,18,79.0,No,Yes,Low
2025-09-28,South,956,Bus,Sunny,22,36.8,No,No,Medium
2024-10-21,East,260,Bike,Sunny,19,77.6,No,No,Low
2025-09-16,East,1093,Bus,Rainy,38,35.3,No,No,High
2025-07-25,Industrial,759,Bus,Sunny,40,48.6,No,No,Low
2025-09-02,South,992,Truck,Cloudy,29,41.3,No,No,Low
2025-07-11,West,586,Car,Rainy,38,57.6,No,No,Low
2024-06-05,Airport,487,Bike,Sunny,28,59.5,Yes,Yes,Medium
2025-04-08,East,575,Car,Sunny,20,51.0,No,No,Low
2025-08-24,North,962,Truck,Sunny,33,38.5,No,Yes,High
2026-05-19,South,595,Truck,Cloudy,23,48.2,No,No,Low
2024-10-15,North,282,Bus,Rainy,18,62.7,No,No,Low
2025-12-27,Downtown,531,Truck,Sunny,21,60.8,No,No,Low
2025-04-14,Downtown,477,Bike,Sunny,18,57.9,No,No,Low
2025-04-08,Airport,748,Bus,Sunny,39,53.1,No,No,Low
2024-08-15,Industrial,790,Bus,Cloudy,22,52.4,No,No,Low
2026-06-21,West,709,Car,Sunny,23,47.6,No,No,Low
2024-11-05,East,692,Bus,Rainy,23,50.3,No,No,Medium
2026-05-29,North,566,Bus,Rainy,21,54.4,No,No,Medium
2024-02-16,Airport,851,Truck,Sunny,39,41.0,No,No,Medium
2024-09-02,North,123,Truck,Cloudy,37,68.1,No,No,Low
2024-07-07,Industrial,628,Truck,Sunny,28,54.9,No,No,Low
2024-03-06,South,983,Truck,Foggy,36,36.7,No,No,High
2024-01-01,Industrial,1001,Bus,Sunny,38,46.0,No,No,Medium
2026-02-25,South,273,Bike,Sunny,32,64.1,No,No,Low
2024-10-29,Industrial,792,Car,Rainy,31,53.3,No,No,Medium
2024-02-29,Industrial,689,Bike,Cloudy,18,46.4,No,No,Low
2025-05-03,East,602,Car,Rainy,25,50.9,No,No,Medium
2025-05-04,Industrial,354,Bike,Sunny,31,64.8,No,No,Low
2024-06-03,East,656,Car,Cloudy,22,61.8,No,No,Low
2025-10-24,East,879,Bus,Rainy,22,42.8,No,No,Low
2024-02-11,North,874,Bike,Rainy,42,41.0,No,No,Medium
2025-12-20,North,546,Bus,Sunny,34,56.2,No,No,Low
2025-05-05,South,749,Car,Cloudy,33,44.0,No,No,Low
2024-08-03,Downtown,462,Car,Sunny,30,66.5,No,No,Low
2024-10-26,East,438,Bus,Rainy,33,64.5,No,No,Low
2024-08-13,Airport,825,Truck,Cloudy,37,47.0,No,No,Medium
2025-03-27,West,879,Bike,Sunny,27,39.8,No,No,Low
2024-11-10,North,571,Truck,Sunny,36,61.2,No,No,Low
2024-12-07,Airport,1034,Car,Rainy,31,35.6,No,No,High
2024-08-24,Industrial,556,Car,Cloudy,39,53.8,No,No,Low
2024-05-14,South,711,Bike,Rainy,23,49.6,No,No,Medium
2025-05-20,Airport,753,Car,Sunny,36,45.9,No,No,Low
2024-04-29,Industrial,220,Car,Cloudy,34,72.2,No,No,Low
2025-07-22,Airport,354,Bus,Sunny,40,65.8,No,No,Low
2024-03-06,East,881,Bike,Rainy,31,40.8,No,No,Medium
2025-03-12,Downtown,418,Car,Foggy,18,71.3,No,No,Low
2025-05-30,East,685,Truck,Rainy,42,58.6,No,No,Medium
2025-01-25,North,452,Bike,Cloudy,24,63.9,No,No,Low
2025-09-13,West,1004,Bus,Sunny,26,32.8,No,No,Medium
2026-06-06,South,575,Truck,Rainy,24,49.0,No,No,Low
2024-04-20,East,949,Car,Cloudy,40,35.0,No,No,High
2026-06-17,West,399,Car,Sunny,19,58.0,No,No,Low
2025-02-19,South,756,Car,Cloudy,38,49.8,No,No,Medium
2025-10-23,South,717,Bike,Sunny,37,46.3,No,No,Low
2025-06-12,South,119,Bike,Sunny,26,68.2,No,No,Low
2026-06-28,Downtown,512,Bike,Rainy,40,54.5,No,No,Low
2024-04-05,West,292,Bike,Sunny,21,75.3,No,No,Low
2025-03-25,Industrial,878,Bus,Cloudy,19,36.9,No,No,Medium
2025-07-03,North,507,Truck,Sunny,31,55.7,No,No,Low
2025-01-13,North,569,Bus,Cloudy,23,61.2,No,No,Low
2025-11-06,East,451,Bike,Sunny,35,67.0,No,Yes,Low
2025-07-15,Airport,674,Bus,Sunny,22,51.0,No,No,Low
2026-04-25,East,401,Bike,Sunny,26,67.0,No,No,Low
2024-06-17,Airport,856,Truck,Rainy,18,43.8,No,No,Low
2025-07-02,North,533,Car,Cloudy,40,65.7,No,No,Low
2025-04-11,Downtown,811,Truck,Sunny,38,51.6,No,No,Low
2024-01-02,Downtown,1312,Bike,Rainy,22,27.5,Yes,No,High
2024-07-17,South,1037,Bike,Sunny,41,44.5,Yes,No,High
2024-04-06,East,794,Car,Cloudy,30,53.2,No,No,Low
2026-03-01,Airport,460,Bike,Sunny,39,60.6,No,Yes,Low
2024-10-21,Downtown,1027,Truck,Sunny,22,41.9,No,No,Medium
2026-03-10,North,468,Bus,Sunny,26,53.3,No,No,Low
2024-01-22,South,765,Bike,Cloudy,28,44.4,No,No,Low
2024-12-02,Industrial,491,Car,Sunny,22,52.4,No,No,Low
2024-02-03,South,747,Bus,Cloudy,37,48.1,No,No,Low
2024-11-22,West,676,Bus,Sunny,21,57.0,No,No,Low
2025-08-06,East,754,Bus,Foggy,38,50.8,No,No,Medium
2026-04-11,North,705,Car,Rainy,39,54.8,No,No,Medium
2026-03-08,South,924,Bike,Cloudy,23,39.0,No,No,Medium
2024-01-03,Industrial,933,Bus,Sunny,27,46.7,Yes,No,Medium
2024-11-23,Downtown,636,Truck,Sunny,21,52.6,No,No,Low
2026-06-19,Industrial,459,Bus,Foggy,38,59.6,No,No,Low
2024-04-01,Industrial,268,Car,Cloudy,25,75.3,No,No,Low
2024-04-26,Airport,898,Truck,Rainy,34,46.1,Yes,No,High
2024-03-07,West,388,Bus,Cloudy,19,63.5,No,Yes,Low
2025-03-03,North,179,Bike,Sunny,34,68.8,No,No,Low
2025-06-16,Airport,864,Truck,Rainy,42,37.4,No,No,Medium
2026-01-05,Airport,1129,Car,Sunny,24,33.8,No,No,Medium
2026-06-01,East,478,Bus,Cloudy,22,55.9,No,No,Low
2024-05-23,West,282,Bus,Cloudy,38,63.7,No,No,Low
2026-04-11,East,868,Car,Cloudy,22,43.3,No,No,Low
2024-08-29,West,756,Truck,Sunny,42,55.8,No,No,Low
2024-06-25,North,396,Bike,Sunny,34,62.2,No,No,Low
2025-10-21,East,928,Truck,Sunny,39,34.9,No,No,Medium
2024-10-25,North,850,Truck,Cloudy,37,52.0,No,No,Low
2025-03-20,Airport,507,Bike,Sunny,35,51.7,No,Yes,Low
2024-01-31,South,640,Car,Rainy,30,52.4,No,No,Medium
2024-03-12,Airport,651,Truck,Rainy,35,49.0,No,No,Medium
2025-06-22,Downtown,488,Truck,Rainy,26,57.5,No,Yes,Medium
2025-04-02,South,614,Bike,Foggy,42,53.4,No,No,Low
2024-05-06,North,102,Truck,Cloudy,38,75.9,No,Yes,Low
2025-08-08,Industrial,631,Truck,Sunny,24,52.8,No,No,Low
2025-10-11,East,445,Bus,Rainy,38,58.2,No,Yes,Low
2026-03-15,Industrial,424,Bike,Sunny,29,64.0,No,No,Low
2025-12-15,Airport,885,Car,Rainy,39,49.6,No,No,Medium
2024-09-18,East,469,Bike,Rainy,29,63.2,No,No,Low
2024-10-14,East,463,Bike,Sunny,41,59.5,No,No,Low
2025-07-29,Industrial,621,Truck,Cloudy,31,60.2,No,No,Low
2026-04-29,South,747,Bus,Sunny,33,57.1,No,No,Low
2025-06-04,North,989,Bus,Rainy,37,40.4,No,No,Medium
2024-09-06,West,453,Truck,Rainy,41,54.9,Yes,Yes,Medium
2026-01-08,North,578,Truck,Sunny,19,56.9,No,No,Low
2026-02-15,West,601,Car,Cloudy,33,58.0,No,No,Low
2025-10-12,Industrial,546,Car,Sunny,22,61.2,No,No,Low
2024-12-28,North,235,Car,Sunny,35,68.6,No,No,Low
2024-08-20,East,1073,Truck,Rainy,25,39.1,No,No,High
2024-03-21,Downtown,332,Car,Sunny,26,69.7,No,No,Low
2026-06-25,North,560,Bike,Rainy,39,50.6,No,No,Medium
2025-01-07,West,208,Bus,Cloudy,28,76.7,No,No,Low
2026-03-28,Downtown,684,Bus,Sunny,27,55.6,No,Yes,Low
2026-02-12,Industrial,389,Bike,Cloudy,33,59.4,No,No,Low
2025-04-11,East,824,Truck,Sunny,20,54.0,No,No,Low
2025-03-09,Airport,621,Bus,Rainy,42,63.2,No,No,Medium
2025-06-22,Airport,520,Bike,Sunny,19,58.2,No,Yes,Low
2025-09-09,Downtown,1068,Bus,Rainy,31,30.3,No,No,High
2024-12-09,South,720,Bus,Rainy,41,50.2,No,No,Low
2024-06-26,Airport,623,Bus,Rainy,19,58.1,No,No,Low
2025-11-04,North,626,Car,Sunny,27,51.0,No,No,Medium
2024-06-28,Downtown,566,Bus,Sunny,32,54.4,No,No,Low
2025-09-16,Industrial,367,Truck,Sunny,26,59.3,No,Yes,Low
2026-05-21,Industrial,274,Truck,Sunny,20,66.0,No,No,Low
2025-05-10,Industrial,988,Car,Sunny,21,46.5,No,No,Medium
2024-05-09,Airport,653,Car,Rainy,21,47.9,No,No,Low
2026-01-18,North,338,Bus,Sunny,36,68.5,No,No,Low
2024-08-11,East,753,Bike,Sunny,34,56.9,No,Yes,Low
2025-03-28,South,114,Car,Sunny,28,72.4,No,No,Low
2024-05-14,Industrial,1062,Bus,Cloudy,24,38.5,Yes,No,High
2026-06-20,West,923,Truck,Cloudy,25,36.1,No,No,Medium
2024-01-09,Airport,704,Bus,Sunny,29,45.8,No,No,Medium
2025-12-29,North,792,Bike,Cloudy,25,44.3,No,No,Low
2024-06-25,Airport,697,Truck,Sunny,21,49.1,No,No,Low
2024-01-03,West,867,Bus,Sunny,35,39.3,Yes,No,High
2025-06-19,Airport,922,Bike,Sunny,36,37.1,No,No,Medium
2024-09-08,West,666,Car,Cloudy,38,60.4,No,No,Low
2024-02-17,South,778,Bus,Sunny,19,40.9,No,No,Low
2024-04-26,South,763,Truck,Rainy,35,44.5,No,Yes,Medium
2024-08-09,West,301,Truck,Sunny,42,68.0,No,No,Low
2025-01-05,East,901,Bike,Sunny,21,50.0,No,No,Medium
2025-05-25,East,821,Bike,Rainy,39,52.2,No,No,Medium
2026-05-16,West,650,Truck,Sunny,30,53.0,No,No,Low
2025-01-16,North,898,Bike,Sunny,33,37.1,No,No,Medium
2026-01-16,Industrial,495,Truck,Cloudy,30,67.2,No,No,Low
2024-07-28,Downtown,414,Truck,Foggy,31,64.4,No,No,Low
2025-10-03,South,921,Bus,Sunny,35,41.2,No,No,Medium
2024-09-25,Airport,797,Truck,Sunny,30,55.1,No,No,Low
2024-08-09,West,912,Bus,Sunny,39,42.5,No,No,Medium
2026-01-16,Airport,1235,Car,Rainy,22,25.6,No,No,High
2025-05-09,South,939,Bus,Sunny,30,38.4,No,Yes,High
2024-04-06,East,262,Bus,Sunny,34,63.5,No,No,Low
2024-04-26,West,652,Bike,Cloudy,39,61.9,No,No,Low
2026-05-02,South,354,Bike,Cloudy,22,60.8,No,Yes,Low
2024-10-12,Airport,1090,Truck,Foggy,35,31.4,No,No,Medium
2025-03-19,North,199,Truck,Sunny,24,78.0,No,No,Low
2026-05-02,Airport,647,Bus,Rainy,37,59.1,No,No,Medium
2025-05-14,Downtown,1118,Car,Cloudy,40,28.3,No,No,Medium
2025-06-27,Downtown,742,Car,Rainy,20,53.3,Yes,No,High
2026-03-25,North,388,Car,Sunny,31,63.5,No,No,Low
2025-04-26,South,1069,Truck,Cloudy,40,30.2,Yes,No,High
2025-05-02,West,497,Truck,Rainy,34,65.1,No,No,Low
2025-11-27,West,1019,Car,Sunny,24,35.2,No,No,Medium
2024-11-25,East,856,Truck,Sunny,28,39.8,No,No,Medium
2026-05-02,North,249,Car,Rainy,30,74.0,No,No,Low
2025-08-08,South,624,Truck,Sunny,26,50.0,No,No,Low
2025-02-02,West,762,Bus,Sunny,30,51.5,No,No,Medium
2024-02-17,East,775,Truck,Sunny,22,42.0,No,No,Medium
2026-02-06,Airport,862,Bus,Rainy,24,39.5,No,No,Medium
2025-02-14,Downtown,530,Bus,Sunny,31,65.8,No,No,Low
2024-05-03,North,849,Truck,Foggy,22,43.0,No,No,Medium
2024-04-06,West,436,Bus,Rainy,25,61.6,No,Yes,Low
2024-11-16,Downtown,1029,Car,Cloudy,27,38.8,No,No,Medium
2025-11-16,North,753,Truck,Sunny,40,55.9,No,No,Low
2024-12-25,Downtown,224,Bike,Cloudy,26,72.0,No,No,Low
2024-11-12,North,393,Car,Rainy,38,66.3,No,No,Low
2025-12-01,Downtown,50,Bus,Sunny,42,76.0,No,Yes,Low
2025-01-27,South,419,Bus,Rainy,38,70.2,No,No,Low
2025-12-29,West,434,Bike,Cloudy,25,66.6,No,No,Low
2025-08-05,Airport,937,Car,Cloudy,37,41.5,No,No,Medium
2024-05-09,Industrial,1050,Bus,Sunny,34,38.0,No,No,Medium
2024-07-14,Industrial,1029,Bus,Foggy,21,42.8,No,No,Medium
2025-09-18,Downtown,801,Bike,Rainy,27,45.0,No,No,Medium
2025-09-27,South,871,Truck,Sunny,18,48.2,No,No,Low
2026-02-16,West,311,Truck,Cloudy,38,72.6,No,No,Low
2026-06-13,South,407,Bus,Sunny,30,63.7,No,No,Low
2024-05-07,North,519,Car,Sunny,26,67.2,No,No,Low
2024-08-05,Industrial,980,Bike,Cloudy,32,40.8,No,No,Medium
2024-01-17,Downtown,791,Bike,Rainy,31,42.4,Yes,No,High
2025-09-28,Downtown,624,Car,Foggy,40,57.0,No,No,Medium
2025-05-06,East,497,Truck,Sunny,34,55.1,No,No,Low
2025-05-18,South,912,Bus,Sunny,29,48.5,No,No,Medium
2025-06-13,South,697,Truck,Rainy,31,51.1,No,Yes,Medium
2024-12-17,North,1216,Truck,Rainy,33,28.4,No,No,High
2026-03-31,South,563,Car,Rainy,39,59.5,No,No,Low
2025-03-14,Airport,929,Bike,Rainy,20,41.8,No,No,High
2025-10-24,North,821,Bike,Rainy,24,50.2,No,No,Medium
2024-01-20,Downtown,880,Car,Rainy,30,38.8,No,No,High
2025-10-26,Airport,678,Truck,Cloudy,40,55.9,No,No,Medium
2025-01-20,North,547,Bike,Sunny,41,58.1,No,No,Low
2025-11-27,Industrial,1037,Truck,Sunny,41,37.5,No,No,Medium
2025-07-04,North,1006,Bus,Sunny,33,32.8,No,No,Medium
2026-06-22,East,589,Truck,Sunny,31,61.4,No,No,Low
2025-02-01,East,984,Truck,Cloudy,35,47.6,No,No,Medium
2026-03-13,West,874,Truck,Cloudy,34,41.0,No,No,Medium
2024-12-28,Industrial,546,Bike,Rainy,42,62.2,No,No,Low
2025-03-05,South,790,Car,Sunny,33,51.4,No,No,Low
2024-11-11,South,498,Bus,Sunny,42,58.1,No,Yes,Low
2025-09-28,Airport,357,Car,Cloudy,41,70.7,No,Yes,Low
2025-02-11,West,801,Bus,Sunny,25,50.0,No,No,Low
2025-01-09,North,1180,Bus,Rainy,19,24.8,No,No,High
2024-09-23,Airport,833,Car,Sunny,36,51.7,No,No,Low
2024-03-21,Airport,1286,Bike,Rainy,21,30.6,No,No,High
2024-08-08,Airport,507,Truck,Sunny,33,53.7,No,Yes,Low
2025-10-20,West,583,Bike,Cloudy,36,60.7,No,No,Low
2026-06-25,West,944,Car,Rainy,28,45.2,No,No,Medium
2025-06-23,Downtown,973,Truck,Rainy,18,38.1,No,No,High
2025-03-08,South,772,Truck,Rainy,31,45.1,No,No,Low
2024-09-16,Downtown,754,Bus,Rainy,27,55.8,No,No,Medium
2024-08-06,Airport,623,Car,Sunny,23,56.1,No,No,Low
2026-04-27,North,790,Truck,Cloudy,41,47.4,Yes,No,High
2025-05-07,Airport,661,Truck,Foggy,40,54.6,No,No,Medium
2025-05-05,North,514,Car,Foggy,39,55.4,No,No,Low
2025-06-10,South,1055,Bike,Rainy,24,45.8,No,No,High
2025-01-08,Industrial,708,Car,Cloudy,37,59.7,No,No,Low
2025-12-23,North,562,Bike,Sunny,21,60.5,No,No,Low
2024-07-01,North,293,Car,Cloudy,36,61.3,No,No,Low
2024-07-19,Airport,616,Truck,Rainy,37,52.4,No,No,Low
2025-12-06,West,1149,Bike,Rainy,19,29.0,No,No,High
2024-03-05,North,1023,Bike,Rainy,27,33.1,No,No,High
2024-09-12,Industrial,297,Truck,Sunny,28,66.1,No,No,Low
2026-04-07,Downtown,1098,Bike,Sunny,19,41.1,No,No,Medium
2025-09-20,Industrial,674,Truck,Sunny,31,54.0,No,No,Low
2026-06-26,Airport,920,Bus,Cloudy,37,45.2,No,No,Medium
2024-02-26,Industrial,635,Car,Rainy,18,58.6,No,No,Medium
2025-12-07,Downtown,1061,Car,Rainy,41,33.6,No,No,High
2025-11-11,Airport,570,Car,Sunny,22,51.2,No,No,Low
2024-12-30,North,346,Bike,Rainy,22,64.2,No,No,Low
2025-05-23,Downtown,1124,Car,Sunny,38,38.0,No,No,Medium
2024-05-12,Industrial,889,Bike,Sunny,19,50.4,No,No,Low
2025-07-26,East,364,Bus,Sunny,21,68.4,No,No,Low
2024-10-29,Industrial,263,Car,Sunny,38,65.5,No,No,Low
2025-02-13,Downtown,331,Truck,Cloudy,23,71.8,No,No,Low
2026-05-17,South,545,Bike,Foggy,28,50.2,No,No,Low
2026-06-10,West,386,Truck,Sunny,19,68.6,No,No,Low
2025-10-04,Airport,699,Bus,Sunny,34,56.0,No,No,Low
2025-03-11,West,754,Bus,Sunny,31,45.8,No,No,Medium
2024-01-24,Airport,393,Bus,Cloudy,36,70.3,No,Yes,Low
2026-02-10,Downtown,1052,Bus,Cloudy,41,45.9,No,No,Medium
2026-03-27,North,1060,Bus,Foggy,36,32.6,No,No,High
2025-04-15,Downtown,832,Truck,Sunny,36,40.7,No,No,Low
2025-04-30,Downtown,394,Truck,Rainy,33,64.2,No,No,Medium
2026-02-16,Airport,1015,Bike,Rainy,22,36.4,No,No,High
2026-03-03,West,959,Bus,Rainy,40,33.6,No,No,Medium
2025-06-23,North,634,Truck,Sunny,28,55.6,No,No,Low
2025-05-11,East,406,Car,Cloudy,35,63.8,No,No,Low
2025-08-11,East,631,Truck,Sunny,20,57.8,No,No,Low
2025-09-06,West,778,Bike,Sunny,20,49.9,No,No,Medium
2025-01-30,East,849,Bike,Sunny,21,53.0,No,No,Low
2024-09-20,South,827,Bike,Sunny,42,47.9,No,No,Low
2025-09-18,West,691,Bike,Sunny,19,55.4,No,No,Medium
2026-04-17,Airport,897,Car,Sunny,42,51.1,Yes,No,Medium
2024-06-25,North,1191,Truck,Rainy,42,29.4,No,No,High
2025-01-25,Downtown,586,Truck,Sunny,38,56.6,No,No,Low
2026-03-23,South,886,Car,Sunny,32,47.6,No,No,Medium
2025-02-12,East,595,Car,Rainy,18,52.2,No,No,Low
2024-02-11,East,627,Truck,Rainy,40,50.9,No,No,Low
2025-10-06,North,271,Bike,Rainy,36,65.2,No,No,Medium
2026-04-20,East,627,Bus,Rainy,20,52.9,Yes,No,High
2024-09-08,East,501,Bike,Sunny,23,65.0,No,No,Low
2024-08-10,East,839,Bike,Cloudy,18,38.4,No,No,Medium
2026-04-30,Industrial,50,Car,Cloudy,29,78.0,No,Yes,Low
2024-04-08,Airport,1012,Bus,Sunny,26,36.5,No,No,High
2026-02-16,West,515,Truck,Cloudy,31,61.4,No,No,Low
2024-02-07,South,438,Truck,Sunny,40,63.5,No,No,Low
2026-02-23,East,389,Bike,Sunny,23,56.4,No,No,Low
2024-09-29,East,767,Bike,Rainy,21,52.3,No,No,Medium
2025-04-19,Downtown,744,Car,Sunny,32,49.2,No,No,Low
2025-09-21,Industrial,540,Car,Rainy,33,61.4,No,No,Low
2025-04-24,East,833,Truck,Sunny,41,47.7,No,No,Low
2025-02-06,Industrial,525,Truck,Cloudy,25,62.0,No,No,Low
2024-12-23,Airport,778,Truck,Cloudy,29,53.9,No,No,Low
2024-02-15,Airport,358,Truck,Cloudy,23,66.7,No,No,Low
2024-01-02,East,1071,Car,Sunny,32,32.2,No,No,Medium
2026-01-17,West,449,Bike,Rainy,27,65.0,No,No,Low
2025-08-08,West,128,Bus,Cloudy,30,80.9,No,No,Low
2024-07-14,Downtown,474,Car,Sunny,39,56.0,No,No,Low
2026-02-06,East,377,Truck,Cloudy,37,66.9,No,No,Low
2025-11-27,Industrial,472,Bus,Sunny,42,66.1,No,No,Low
2025-02-15,South,724,Bus,Rainy,39,59.0,No,No,Medium
2025-02-21,Downtown,201,Bike,Sunny,42,71.0,No,No,Low
2026-04-19,West,354,Car,Sunny,27,66.8,No,No,Low
2024-08-20,Airport,708,Bus,Sunny,31,45.7,No,No,Low
2025-06-16,Industrial,630,Car,Cloudy,25,59.8,No,No,Low
2025-07-28,Airport,545,Car,Cloudy,39,65.2,No,No,Low
2024-09-27,North,780,Bike,Sunny,22,46.8,No,No,Low
2024-03-18,Industrial,964,Bus,Sunny,21,37.4,No,No,Medium
2026-04-09,East,800,Truck,Cloudy,30,46.0,No,No,Low
2025-01-18,South,1020,Truck,Rainy,42,41.2,No,No,Medium
2024-08-06,North,856,Car,Cloudy,38,40.8,No,No,Medium
2024-08-09,East,328,Truck,Rainy,33,70.9,No,No,Low
2024-06-18,South,220,Bus,Sunny,21,77.2,No,No,Low
2025-07-08,Downtown,771,Bus,Sunny,27,56.2,No,No,Low
2026-01-19,East,662,Bike,Sunny,32,56.5,No,No,Low
2025-05-09,East,174,Car,Cloudy,22,81.0,No,No,Low
2025-02-08,Industrial,697,Truck,Sunny,19,49.1,No,No,Low
2026-05-15,South,888,Bike,Sunny,36,48.5,No,No,Low
2024-11-26,Airport,530,Bus,Cloudy,26,65.8,No,Yes,Low
2024-08-22,South,942,Car,Rainy,21,45.3,No,No,High
2025-08-10,East,269,Bus,Cloudy,26,71.2,Yes,No,Medium
2024-03-09,Industrial,974,Bike,Rainy,23,33.0,No,No,High
2024-06-27,West,588,Car,Cloudy,26,52.5,No,No,Low
2024-08-25,West,855,Bus,Rainy,37,37.8,No,No,Medium
2025-01-05,Airport,712,Truck,Rainy,26,49.5,No,No,Medium
2024-05-05,Industrial,678,Car,Sunny,22,50.9,No,No,Low
2025-08-08,West,673,Bike,Cloudy,42,48.1,No,Yes,Low
2025-05-19,Industrial,723,Car,Sunny,19,45.1,No,No,Low
2024-09-16,Downtown,870,Truck,Sunny,25,47.2,No,No,Low
2024-09-01,West,646,Truck,Sunny,30,59.2,No,No,Low
2024-01-10,North,909,Truck,Sunny,36,42.6,No,No,Low
2025-10-16,Downtown,984,Bus,Sunny,41,46.6,No,No,Medium
2026-02-12,Airport,134,Truck,Sunny,35,75.6,No,Yes,Low
2026-01-12,West,429,Car,Foggy,27,55.8,No,No,Low
2025-08-31,Airport,535,Truck,Rainy,21,65.6,No,No,Low
2024-11-10,South,257,Truck,Sunny,32,73.7,No,No,Low
2024-08-03,South,525,Truck,Rainy,36,67.0,No,No,Low
2025-12-02,Airport,850,Truck,Rainy,41,43.0,No,Yes,Medium
2024-03-10,North,858,Bike,Rainy,32,51.7,No,No,Medium
2025-09-02,Downtown,415,Bus,Cloudy,30,69.4,No,No,Low
2024-07-07,Downtown,219,Car,Sunny,29,76.2,No,No,Low
2024-07-10,East,320,Bus,Sunny,42,63.2,No,No,Low
2025-09-23,South,770,Truck,Sunny,18,49.2,No,No,Low
2025-11-27,West,589,Truck,Cloudy,30,52.4,No,No,Low
2024-11-08,West,395,Truck,Sunny,30,72.2,Yes,No,Medium
2024-12-10,East,972,Truck,Sunny,42,33.1,No,No,Medium
2024-06-19,South,554,Bus,Cloudy,32,58.8,No,Yes,Low
2025-01-08,East,261,Bike,Cloudy,30,66.6,No,No,Low
2024-08-22,North,314,Bus,Sunny,19,69.4,No,No,Low
2025-02-14,West,458,Bus,Cloudy,33,69.7,No,No,Low
2024-07-26,South,979,Bus,Rainy,23,35.8,No,No,High
2025-11-13,South,816,Truck,Sunny,23,55.4,No,Yes,Low
2025-04-27,South,901,Car,Rainy,28,40.0,No,No,Medium
2024-05-30,Industrial,355,Car,Sunny,29,69.8,No,No,Low
2025-06-26,North,618,Car,Sunny,22,47.3,No,No,Low
2024-12-30,Industrial,481,Bike,Sunny,41,67.8,Yes,No,Medium
2026-02-24,Industrial,435,Bus,Sunny,33,61.6,No,No,Low
2024-08-09,Industrial,668,Car,Sunny,28,49.3,No,No,Low
2024-05-17,Downtown,977,Truck,Rainy,21,46.9,No,No,Medium
2024-04-07,Industrial,778,Car,Cloudy,33,40.9,No,No,Medium
2024-05-12,West,888,Bus,Sunny,41,40.5,No,No,Low
2024-08-20,West,817,Bike,Rainy,24,49.3,No,No,Medium
2024-06-14,South,1143,Truck,Rainy,24,40.3,No,No,Medium
2024-10-16,Downtown,791,Bike,Sunny,21,45.4,No,No,Low
2025-07-28,West,678,Bike,Sunny,34,46.9,No,No,Low
2024-11-03,Airport,1107,Bike,Rainy,31,41.7,No,No,Medium
2024-06-24,North,845,Truck,Sunny,37,53.2,No,No,Low
2025-09-10,East,516,Car,Sunny,27,67.4,No,No,Low
2026-05-04,West,363,Car,Rainy,38,66.5,No,No,Low
2024-10-27,Airport,435,Bike,Foggy,36,56.6,No,No,Low
2025-12-16,North,970,Bike,Sunny,30,37.2,No,No,Medium
2025-01-09,North,509,Car,Sunny,37,59.6,No,No,Low
2024-04-12,North,457,Bike,Sunny,32,58.7,No,No,Low
2024-11-14,East,725,Truck,Sunny,18,59.0,Yes,No,Medium
2024-05-08,North,447,Truck,Cloudy,27,61.1,No,No,Low
2025-09-23,East,655,Bike,Rainy,29,45.8,No,No,Medium
2024-06-19,Industrial,287,Truck,Cloudy,18,66.5,No,No,Low
2025-09-11,West,793,Car,Rainy,32,49.3,No,No,Medium
2024-05-29,East,415,Bus,Rainy,39,64.4,No,No,Low
2025-10-18,East,796,Bike,Cloudy,41,51.2,No,No,Low
2025-08-07,North,684,Truck,Foggy,18,50.6,No,No,Medium
2026-06-04,South,325,Bus,Cloudy,32,75.0,No,No,Low
2024-08-14,East,465,Bus,Sunny,39,58.4,No,No,Low
2025-03-09,Airport,1033,Bus,Sunny,18,41.7,No,No,Medium
2026-01-01,Downtown,50,Bus,Sunny,30,77.0,No,Yes,Low
2024-11-30,East,320,Car,Sunny,33,67.2,No,No,Low
2024-10-06,Industrial,855,Truck,Rainy,36,48.8,No,No,Medium
2026-05-26,South,608,Bus,Cloudy,42,49.7,No,No,Low
2026-04-22,Downtown,678,Truck,Rainy,37,46.9,No,No,Medium
2025-12-31,South,691,Bike,Rainy,21,51.4,No,No,Medium
2025-06-11,North,807,Truck,Sunny,21,43.7,No,Yes,Low
2025-11-18,Industrial,412,Truck,Rainy,22,55.5,No,No,Low
2025-03-22,Downtown,779,Truck,Sunny,30,51.8,No,No,Low
2025-09-01,Downtown,587,Truck,Sunny,18,49.5,No,No,Low
2024-02-15,Airport,456,Bike,Rainy,37,69.8,No,No,Medium
2025-05-27,West,455,Bus,Sunny,39,60.8,No,No,Low
2025-06-19,West,779,Bike,Rainy,39,53.8,No,No,Medium
2024-02-16,Downtown,321,Bike,Sunny,42,74.2,No,No,Low
2025-06-20,East,775,Bus,Rainy,38,50.0,Yes,No,High
2024-06-07,East,989,Bus,Sunny,25,32.4,No,No,High
2024-08-15,West,818,Bike,Foggy,38,42.3,No,No,Medium
2024-12-20,West,653,Bus,Sunny,33,46.9,No,No,Low
2025-01-23,Industrial,671,Bike,Sunny,42,48.2,No,Yes,Low
2025-03-11,East,529,Car,Sunny,30,57.8,No,No,Low
2025-05-30,Industrial,286,Bike,Sunny,19,76.6,Yes,No,Medium
2025-03-14,North,409,Bike,Rainy,39,67.6,No,No,Low
2025-12-05,Downtown,1088,Bus,Rainy,33,28.5,No,No,Medium
2024-05-27,Downtown,512,Bus,Foggy,28,52.5,No,No,Low
2024-10-29,West,1037,Car,Cloudy,24,45.5,No,No,Medium
2025-10-08,West,471,Bike,Sunny,18,62.2,No,No,Low
2025-06-22,Downtown,827,Car,Sunny,23,45.9,No,Yes,Low
2025-05-18,South,450,Car,Sunny,31,67.0,No,No,Low
2024-06-05,East,294,Bus,Sunny,23,64.2,No,No,Low
2026-03-07,East,362,Car,Sunny,25,68.5,Yes,No,Medium
2026-01-31,Airport,705,Car,Sunny,36,51.8,No,Yes,Low
2025-06-12,Airport,820,Car,Sunny,40,42.2,No,No,Low
2024-08-10,East,1027,Truck,Rainy,36,36.9,No,No,High
2024-03-25,East,447,Bike,Cloudy,27,58.1,No,No,Low
2024-05-28,Industrial,194,Bus,Sunny,41,78.2,No,No,Low
2025-04-18,South,493,Car,Sunny,21,56.3,No,Yes,Low
2025-11-26,West,1011,Car,Rainy,25,44.6,No,No,Medium
2025-01-27,South,973,Bike,Rainy,36,36.1,No,No,High
2026-04-03,Industrial,733,Truck,Rainy,37,51.7,No,No,Medium
2025-02-23,Industrial,550,Bus,Sunny,20,56.0,No,No,Low
2025-06-12,Airport,954,Car,Sunny,20,40.8,No,No,Medium
2024-11-18,East,207,Car,Sunny,31,71.7,No,No,Low
2026-04-06,Downtown,132,Truck,Cloudy,20,69.7,No,No,Low
2026-04-08,South,857,Truck,Cloudy,28,45.7,No,No,Low
2025-04-10,Downtown,853,Bus,Sunny,26,53.9,No,No,Low
2024-01-04,North,677,Car,Rainy,37,49.9,No,No,Medium
2024-11-03,Airport,478,Bike,Sunny,32,54.9,No,No,Low
2024-02-16,East,780,Bus,Sunny,35,50.8,No,No,Low
2025-02-20,South,459,Bus,Sunny,19,62.6,No,No,Low
2025-02-13,South,588,Bike,Rainy,36,56.5,No,No,Medium
2024-03-12,Industrial,540,Bus,Sunny,32,52.4,No,No,Low
2025-05-12,East,390,Truck,Cloudy,24,72.4,No,No,Low
2024-04-23,Downtown,590,Bike,Rainy,18,50.4,No,No,Low
2024-10-20,Airport,536,Truck,Sunny,25,66.6,No,No,Low
2025-11-10,East,929,Truck,Sunny,21,34.8,No,No,Medium
2026-01-14,North,1108,Car,Rainy,40,32.7,No,No,High
2025-10-03,North,707,Bike,Rainy,38,46.7,No,No,Medium
2024-08-09,Airport,1018,Bike,Cloudy,40,37.3,No,No,High
2026-04-22,East,1021,Truck,Foggy,33,43.2,No,No,High
2025-04-09,South,496,Car,Foggy,24,67.2,No,No,Medium
2025-02-03,East,505,Car,Sunny,25,55.8,No,No,Low
2026-06-20,East,735,Bus,Sunny,35,53.6,No,No,Low
2025-02-06,North,984,Bike,Sunny,38,43.6,No,No,Medium
2024-01-06,Industrial,1119,Bus,Sunny,21,39.2,No,No,Medium
2026-02-04,South,423,Truck,Sunny,28,60.1,No,No,Low
2024-02-24,Industrial,961,Car,Rainy,42,35.6,No,No,High
2025-03-10,Downtown,983,Bike,Sunny,42,48.7,No,No,Low
2024-05-22,Downtown,392,Car,Cloudy,42,65.3,No,No,Low
2026-05-02,Downtown,369,Bike,Cloudy,20,65.2,No,No,Low
2024-05-07,East,569,Bus,Cloudy,29,62.2,No,No,Low
2025-09-12,Downtown,784,Bus,Rainy,20,52.6,No,Yes,Medium
2024-05-04,Downtown,475,Bus,Rainy,42,66.0,No,No,Medium
2024-09-01,North,694,Truck,Rainy,32,44.2,No,No,Medium
2024-05-30,Industrial,704,Car,Rainy,28,47.8,No,No,Medium
2026-04-04,North,964,Bike,Rainy,37,43.4,No,No,Medium
2024-07-09,West,639,Bike,Rainy,26,59.4,No,No,Medium
2025-03-21,Airport,561,Car,Sunny,19,49.6,No,No,Low
2025-12-25,South,840,Bike,Cloudy,29,39.4,No,No,Medium
2025-12-16,West,336,Bike,Rainy,36,62.6,No,Yes,Low
2025-12-31,East,567,Bus,Cloudy,41,49.3,No,No,Low
2024-05-29,West,580,Truck,Sunny,28,63.8,No,No,Low
2026-02-27,East,758,Bus,Cloudy,36,52.7,No,No,Low
2025-07-31,South,381,Bike,Sunny,39,70.8,No,No,Low
2024-08-11,East,272,Bus,Foggy,31,66.1,No,No,Low
2025-07-22,Airport,591,Bus,Sunny,19,55.4,Yes,Yes,Low
2026-01-30,North,594,Bus,Cloudy,34,53.2,No,No,Low
2024-02-10,Industrial,616,Bus,Sunny,31,56.4,No,No,Medium
2024-12-23,Downtown,578,Bike,Sunny,18,52.9,No,Yes,Low
2025-04-26,Downtown,615,Bike,Cloudy,31,59.4,No,No,Low
2024-03-08,Industrial,658,Truck,Sunny,18,47.7,No,No,Low
2025-06-09,South,898,Truck,Rainy,24,36.1,No,No,Medium
2025-03-04,North,176,Bus,Sunny,34,71.0,No,Yes,Low
2025-11-30,South,781,Bus,Foggy,21,44.8,No,No,Medium
2024-01-31,Airport,1084,Bike,Rainy,31,43.6,No,No,Medium
2024-01-10,Airport,663,Car,Sunny,18,58.5,No,No,Low
2024-09-27,Downtown,812,Car,Cloudy,28,42.5,No,No,Low
2026-01-16,East,366,Bike,Sunny,40,57.4,No,No,Low
2024-05-12,Downtown,1016,Truck,Sunny,31,44.4,No,No,Low
2026-01-18,Downtown,608,Truck,Rainy,40,52.7,No,No,Medium
2025-11-07,South,913,Bus,Foggy,25,43.5,No,No,Medium
2025-12-17,East,763,Bike,Sunny,24,42.5,No,No,Low
2024-03-30,Airport,768,Bus,Rainy,23,46.3,No,No,Medium
2024-02-11,East,692,Truck,Cloudy,26,60.3,No,Yes,Low
2025-12-24,Downtown,577,Bike,Sunny,22,55.9,No,No,Low
2025-12-20,Airport,581,Truck,Cloudy,19,59.8,No,No,Low
2025-02-20,East,453,Bike,Cloudy,39,67.9,No,No,Low
2026-03-27,Downtown,699,Truck,Rainy,32,47.0,No,No,Low
2025-02-02,West,475,Truck,Foggy,19,64.0,No,No,Low
2024-07-04,North,756,Bike,Rainy,18,49.8,No,No,Medium
2025-03-19,Downtown,876,Bus,Cloudy,36,44.0,No,No,Low
2025-12-04,East,991,Car,Rainy,36,47.4,No,No,High
2026-06-24,East,519,Car,Cloudy,19,67.2,No,No,Low
2026-02-05,Industrial,1154,Truck,Rainy,38,41.8,No,No,Medium
2025-06-08,West,441,Truck,Rainy,40,54.4,No,No,Low
2025-04-26,West,1119,Truck,Cloudy,41,36.2,No,No,Medium
2024-11-16,Industrial,745,Truck,Rainy,19,47.2,No,No,Medium
2024-05-18,Airport,668,Truck,Sunny,29,57.3,No,No,Low
2026-03-30,North,672,Truck,Cloudy,37,46.1,No,No,Low
2026-04-11,Airport,704,Bike,Sunny,42,58.8,No,No,Low
2025-03-02,Downtown,762,Bike,Cloudy,27,56.5,No,No,Low
2024-02-28,Industrial,501,Car,Rainy,30,58.0,No,No,Low
2025-11-04,Industrial,260,Car,Cloudy,23,67.6,No,No,Low
2024-11-25,North,755,Bus,Sunny,35,42.8,No,No,Low
2024-08-17,Airport,928,Bike,Sunny,40,44.9,No,No,Low
2024-10-18,North,439,Truck,Cloudy,22,69.4,No,Yes,Low
2024-03-17,Airport,824,Truck,Rainy,28,53.0,No,No,Low
2024-06-01,East,450,Car,Cloudy,27,65.0,No,Yes,Low
2024-10-07,Downtown,317,Bus,Sunny,37,63.3,No,No,Low
2025-11-24,Airport,454,Bike,Sunny,22,57.8,No,No,Low
2025-10-26,Industrial,664,Car,Sunny,40,45.4,No,No,Low
2025-01-14,Airport,747,Truck,Cloudy,24,55.1,No,Yes,Low
2025-05-26,Airport,818,Truck,Rainy,33,45.3,No,No,Medium
2026-01-10,South,793,Bike,Sunny,25,52.3,No,No,Low
2025-03-10,North,937,Bus,Sunny,28,46.5,No,No,Low
2025-04-13,East,394,Bike,Sunny,39,57.2,No,No,Low
2024-07-31,South,454,Truck,Cloudy,23,58.8,No,No,Low
2025-07-18,Industrial,443,Bus,Rainy,38,59.3,No,No,Medium
2025-01-21,North,267,Car,Sunny,20,74.3,Yes,No,Low
2026-06-05,North,362,Bus,Cloudy,26,58.5,No,No,Low
2024-10-19,South,1158,Bike,Rainy,23,29.7,No,No,Medium
2025-02-13,North,719,Car,Foggy,36,52.2,No,No,Medium
2025-03-01,South,747,Truck,Sunny,18,42.1,No,No,Low
2026-06-26,North,697,Truck,Rainy,32,58.1,No,No,Medium
2025-04-25,West,325,Truck,Sunny,37,69.0,No,Yes,Low
2025-04-24,East,355,Car,Sunny,32,66.8,No,No,Low
2025-02-12,Airport,814,Bus,Cloudy,39,51.4,No,No,Low
2024-05-02,Downtown,179,Truck,Sunny,31,76.8,No,No,Low
2025-07-09,Airport,492,Bus,Sunny,30,63.3,No,No,Low
2024-05-27,West,458,Bus,Rainy,26,64.7,No,No,Low
2025-01-17,South,424,Car,Rainy,37,63.0,No,No,Medium
2024-01-21,Downtown,593,Car,Cloudy,39,51.3,No,No,Low
2024-06-23,East,408,Car,Rainy,19,62.7,No,Yes,Low
2025-07-15,Industrial,683,Bike,Cloudy,27,45.7,No,No,Low
2024-03-09,Airport,816,Car,Sunny,33,50.4,No,No,Low
2026-01-13,South,957,Car,Sunny,23,40.7,No,No,Medium
2024-06-28,Downtown,798,Bus,Cloudy,37,48.1,No,No,Low
2025-11-21,Industrial,941,Truck,Cloudy,37,43.4,No,No,Medium
2026-05-01,North,911,Bike,Cloudy,26,40.6,No,No,Low
2024-10-15,South,973,Car,Sunny,19,44.1,No,No,Low
2024-07-11,Airport,1265,Bus,Rainy,30,35.4,No,No,High
2025-06-30,Industrial,764,Bike,Rainy,28,43.4,No,Yes,Medium
2024-11-04,Downtown,390,Truck,Cloudy,34,64.4,No,No,Low
2025-09-18,Downtown,618,Bus,Foggy,23,48.3,No,No,Medium
2025-03-30,South,599,Car,Cloudy,23,55.0,No,No,Low
2024-05-28,West,909,Car,Sunny,19,46.6,No,No,Low
2025-07-01,Industrial,841,Bike,Rainy,41,45.4,No,No,Medium
2024-03-19,Airport,889,Bike,Sunny,39,42.4,Yes,No,Medium
2025-12-10,Airport,606,Car,Rainy,26,62.8,No,No,Medium
2024-01-09,South,962,Bus,Rainy,33,36.5,No,No,High
2024-05-24,East,140,Truck,Cloudy,30,71.4,No,No,Low
2024-09-10,East,438,Truck,Cloudy,20,56.5,No,No,Low
2024-07-06,West,727,Car,Rainy,23,55.9,No,No,Medium
2025-05-30,West,473,Bike,Cloudy,33,61.1,No,No,Low
2025-06-09,Airport,643,Truck,Foggy,37,52.3,Yes,No,High
2026-06-30,South,923,Bike,Sunny,20,41.1,No,No,Medium
2025-01-20,West,734,Car,Sunny,34,51.6,No,No,Low
2025-09-10,Industrial,800,Truck,Sunny,29,52.0,No,No,Low
2025-12-23,North,640,Car,Foggy,31,54.4,Yes,No,High
2024-01-31,Downtown,370,Bike,Sunny,27,58.2,No,No,Low
2026-05-07,North,481,Bike,Sunny,27,63.8,No,No,Low
2024-07-11,North,861,Car,Sunny,23,52.6,No,No,Medium
2026-02-15,East,530,Car,Sunny,34,62.8,No,No,Low
2024-08-25,South,889,Truck,Sunny,35,41.4,No,No,Low
2024-05-22,Industrial,318,Bike,Sunny,37,75.3,No,Yes,Low
2024-06-28,North,372,Truck,Sunny,25,64.1,No,Yes,Low
2026-04-14,West,1043,Bike,Sunny,24,30.3,No,No,Medium
2026-06-07,West,771,Bike,Foggy,41,53.2,No,No,Medium
2025-03-13,Industrial,453,Truck,Sunny,30,60.9,No,No,Low
2024-01-07,East,291,Bus,Rainy,41,65.4,No,No,Medium
2024-08-21,Industrial,1175,Truck,Rainy,38,40.0,No,No,Medium
2024-12-16,North,1106,Bus,Rainy,38,28.8,No,No,Medium
2024-09-17,South,709,Truck,Rainy,22,47.6,No,No,Medium
2025-07-17,Downtown,420,Truck,Rainy,41,65.2,Yes,No,Medium
2024-10-24,West,813,Bus,Foggy,32,48.5,No,No,Low
2024-04-16,West,691,Car,Sunny,27,58.4,No,No,Low
2025-06-24,East,995,Car,Sunny,26,45.2,No,No,Medium
2026-02-03,North,831,Bus,Cloudy,27,48.8,No,Yes,Low
2025-07-01,East,910,Car,Sunny,25,43.6,No,No,Medium
2025-08-19,Airport,506,Truck,Foggy,31,61.8,Yes,No,Medium
2024-03-01,Industrial,800,Car,Sunny,18,47.0,No,No,Medium
2025-05-25,North,819,Bus,Sunny,28,41.2,No,No,Low
2025-07-07,Downtown,616,Truck,Rainy,24,61.4,No,No,Low
2024-05-12,East,543,Bike,Sunny,28,63.3,No,No,Low
2025-01-11,West,737,Truck,Sunny,37,53.5,No,No,Low
2024-12-16,North,498,Bike,Sunny,21,63.1,No,No,Low
2024-03-17,West,771,Truck,Rainy,39,42.2,No,No,Medium
2025-11-15,West,284,Bus,Rainy,21,65.6,No,Yes,Low
2024-11-02,South,199,Truck,Sunny,39,76.0,No,Yes,Low
2026-06-21,North,643,Car,Cloudy,19,57.3,No,No,Low
2024-06-25,Airport,1113,Bus,Rainy,18,32.5,No,No,High
2024-07-24,South,854,Car,Cloudy,20,38.8,No,No,Medium
2026-01-05,South,585,Bike,Cloudy,18,63.6,No,No,Low
2024-09-15,Airport,976,Bus,Rainy,20,35.0,No,No,Medium
2024-07-27,Industrial,500,Bus,Sunny,20,65.0,No,No,Low
2025-04-17,East,217,Car,Sunny,21,63.3,No,No,Low
2025-09-26,Industrial,885,Bus,Cloudy,27,45.6,Yes,No,High
2024-02-05,West,621,Car,Cloudy,36,60.2,No,No,Low
2026-04-08,North,347,Car,Rainy,36,62.1,No,No,Low
2025-11-17,South,630,Bike,Foggy,21,53.8,No,No,Medium
2026-06-21,East,443,Car,Foggy,40,69.3,No,No,Low
2024-01-12,Industrial,366,Car,Cloudy,33,67.4,No,No,Low
2024-04-24,North,940,Bus,Sunny,26,47.4,No,No,Low
2025-05-19,West,732,Bike,Rainy,33,46.7,No,No,Medium
2025-12-25,North,469,Bus,Sunny,21,59.2,No,No,Low
2025-10-19,Downtown,196,Car,Cloudy,42,78.2,No,No,Low
2024-07-11,East,745,Bus,Sunny,18,50.2,No,No,Low
2025-09-03,Industrial,1004,Bus,Rainy,24,32.8,No,No,Medium
2025-05-19,Industrial,77,Truck,Cloudy,33,69.9,Yes,Yes,Medium
2025-03-06,North,632,Bus,Sunny,30,61.7,No,No,Low
2024-10-19,Industrial,861,Bus,Cloudy,28,37.6,No,No,Medium
2025-05-19,West,829,Truck,Rainy,29,46.8,No,No,Medium
2024-11-19,West,630,Car,Rainy,24,51.8,No,No,Medium
2025-03-14,West,759,Bus,Cloudy,36,45.6,No,No,Low
2025-06-28,South,721,Bus,Sunny,31,51.2,No,No,Medium
2025-03-17,Industrial,201,Truck,Sunny,22,71.0,No,No,Low
2025-04-13,North,250,Bike,Cloudy,34,78.0,No,Yes,Low
2024-04-23,South,842,Car,Sunny,27,50.3,No,No,Low
2024-03-15,East,463,Car,Sunny,24,55.5,Yes,No,Medium
2025-09-14,Industrial,657,Car,Rainy,26,53.7,No,No,Medium
2026-01-29,North,424,Bike,Cloudy,42,69.0,No,No,Low
2024-09-30,South,594,Truck,Cloudy,36,61.2,No,No,Low
2024-01-30,Downtown,342,Car,Sunny,22,62.3,No,No,Low
2025-06-19,East,705,Truck,Cloudy,41,49.8,No,No,Low
2026-03-27,West,916,Truck,Cloudy,28,49.4,No,No,Low
2026-03-19,South,737,Car,Rainy,39,45.5,No,No,Low
2024-07-12,Airport,669,Truck,Rainy,25,61.2,No,No,Medium
2025-07-29,Airport,975,Bike,Rainy,23,43.0,No,Yes,High
2024-12-09,South,565,Bus,Cloudy,41,59.4,No,No,Low
2024-05-21,Airport,434,Bike,Rainy,31,64.6,No,No,Low
2025-05-27,Downtown,373,Bike,Foggy,40,71.1,No,No,Low
2024-10-04,West,960,Truck,Cloudy,28,46.6,No,No,Medium
2025-07-18,East,1237,Truck,Rainy,20,23.5,No,No,High
2024-04-02,East,519,Car,Sunny,38,63.2,No,No,Low
2026-01-25,Downtown,824,Truck,Rainy,27,41.0,No,No,Medium
2024-06-26,Industrial,429,Bus,Sunny,35,60.8,No,No,Low
2024-06-22,Airport,779,Bike,Rainy,36,46.8,No,No,Low
2024-05-21,East,541,Truck,Cloudy,20,54.4,No,No,Low
2026-05-05,Downtown,680,Truck,Sunny,41,47.8,Yes,No,Medium
2024-05-02,East,875,Truck,Sunny,21,53.0,No,No,Low
2024-03-02,South,644,Truck,Sunny,33,62.2,No,No,Medium
2026-05-28,Industrial,804,Bus,Sunny,27,54.8,No,No,Low
2024-01-05,West,242,Car,Cloudy,21,62.3,No,No,Low
2024-06-16,East,349,Car,Cloudy,18,71.0,No,No,Low
2026-01-06,North,636,Truck,Cloudy,39,49.6,No,No,Low
2026-04-29,Industrial,528,Bike,Sunny,18,57.9,No,No,Low
2025-06-16,Industrial,452,Bike,Rainy,36,54.9,No,No,Low
2026-03-30,West,879,Bus,Sunny,40,51.8,No,No,Low
2025-07-07,Industrial,970,Bus,Cloudy,27,41.2,No,No,Medium
2025-02-08,North,802,Bike,Cloudy,42,44.9,No,No,Medium
2024-04-15,South,336,Bike,Cloudy,19,68.6,No,No,Low
2026-02-11,North,254,Bike,Foggy,25,65.8,No,No,Low
2025-11-10,North,471,Truck,Foggy,40,61.2,Yes,No,Medium
2026-01-20,South,638,Car,Sunny,26,61.5,No,No,Low
2024-05-05,Industrial,307,Bus,Cloudy,18,70.7,No,No,Low
2025-02-13,West,230,Bus,Sunny,26,73.8,No,No,Low
2024-06-12,East,915,Bus,Rainy,33,40.4,No,No,Medium
2026-02-07,Downtown,1168,Car,Sunny,42,26.3,No,No,Medium
2025-07-10,South,934,Bus,Cloudy,24,34.6,No,No,Medium
2024-07-21,Airport,411,Bus,Cloudy,34,63.6,No,No,Low
2025-02-12,North,453,Truck,Cloudy,18,60.9,No,No,Low
2024-04-13,Airport,1113,Truck,Rainy,31,39.5,No,No,High
2024-01-17,East,803,Truck,Sunny,41,42.9,No,No,Low
2025-05-16,West,442,Bus,Cloudy,18,58.3,No,No,Low
2024-07-21,East,683,Truck,Cloudy,34,45.7,No,No,Low
2025-09-09,West,927,Bike,Rainy,24,36.9,No,No,High
2024-01-24,Downtown,930,Truck,Rainy,29,36.8,No,No,Medium
2024-05-10,East,884,Bike,Sunny,30,37.6,No,No,Medium
2025-10-23,South,823,Bike,Sunny,36,52.1,No,No,Low
2024-05-25,South,594,Car,Rainy,23,63.2,No,Yes,Low
2024-06-21,South,414,Truck,Cloudy,32,68.4,No,No,Low
2025-09-02,West,798,Truck,Rainy,36,49.1,No,No,Medium
2025-01-05,Industrial,105,Truck,Sunny,24,71.8,No,No,Low
2024-01-17,Industrial,982,Bike,Rainy,39,43.7,No,No,Medium
2025-11-03,Industrial,590,Bus,Sunny,34,54.4,No,No,Low
2024-03-07,East,629,Car,Rainy,18,62.8,Yes,No,High
2025-02-09,Downtown,607,Bike,Sunny,27,61.7,No,No,Medium
2026-06-26,Industrial,549,Bus,Cloudy,38,65.0,No,No,Low
2026-03-25,Industrial,952,Car,Cloudy,27,44.9,No,No,Medium
2024-04-20,South,552,Bike,Rainy,36,64.9,No,No,Low
2025-12-06,East,621,Car,Rainy,28,47.2,No,No,Medium
2025-02-02,Downtown,536,Bus,Sunny,32,66.6,No,No,Low
2025-05-29,South,961,Bus,Rainy,30,39.6,No,No,High
2024-02-11,Industrial,871,Truck,Sunny,36,49.2,No,No,Low
2025-02-06,North,752,Truck,Rainy,29,53.9,No,No,Medium
2024-12-03,North,538,Car,Cloudy,34,50.5,No,No,Low
2025-07-13,South,866,Truck,Sunny,27,38.4,No,No,Medium
2025-05-03,East,1044,Truck,Cloudy,39,32.2,No,No,Medium
2024-03-24,Downtown,652,Truck,Sunny,39,55.9,No,No,Low
2025-07-18,West,265,Car,Cloudy,27,77.4,Yes,No,Medium
2024-08-14,South,206,Bus,Rainy,30,70.8,No,No,Medium
2024-11-17,Downtown,593,Car,Sunny,24,51.3,No,No,Low
2024-03-11,Airport,766,Truck,Rainy,29,53.4,No,No,Low
2025-09-04,West,501,Car,Sunny,29,63.0,No,No,Low
2024-05-03,Industrial,983,Bus,Rainy,20,47.7,No,No,Medium
2025-05-09,Downtown,418,Truck,Cloudy,40,66.3,No,No,Low
2025-05-17,West,331,Bike,Sunny,22,64.8,No,No,Low
2025-08-13,North,272,Car,Cloudy,26,62.1,No,No,Low
2025-05-04,East,584,Bike,Sunny,40,48.6,No,No,Low
2025-02-13,Industrial,379,Bus,Rainy,41,63.8,No,No,Low
2025-02-01,Downtown,917,Bike,Sunny,21,36.3,No,No,Medium
2025-07-09,Industrial,1025,Bus,Rainy,39,38.0,No,No,High
2024-03-01,South,315,Bike,Cloudy,22,68.4,Yes,No,Medium
2025-09-06,Industrial,436,Car,Rainy,38,66.6,No,No,Medium
2024-02-19,Downtown,553,Truck,Sunny,24,65.9,No,Yes,Low
2025-02-18,Industrial,973,Car,Sunny,19,35.1,No,No,High
2025-05-26,Downtown,427,Bus,Sunny,36,66.9,No,No,Low
2025-08-27,South,509,Car,Sunny,26,64.6,No,No,Low
2025-07-24,West,420,Truck,Cloudy,37,64.2,No,Yes,Low
2025-11-12,Downtown,925,Truck,Cloudy,38,48.0,No,No,Medium
2024-11-19,Airport,462,Truck,Cloudy,37,54.5,No,No,Low
2025-02-04,North,852,Bike,Sunny,30,37.9,No,No,Medium
2026-03-12,North,476,Bike,Foggy,30,65.0,No,No,Low
2024-01-09,West,907,Bus,Sunny,37,48.7,No,No,Medium
2025-10-28,East,373,Truck,Sunny,39,62.1,No,No,Low
2025-01-07,North,474,Car,Rainy,23,57.0,No,No,Low
2026-04-27,Airport,529,Car,Sunny,37,62.8,No,No,Low
2025-04-08,South,377,Car,Sunny,41,62.9,No,No,Low
2024-07-11,West,368,Truck,Sunny,37,61.3,No,No,Low
2024-06-02,Industrial,571,Car,Sunny,36,57.2,No,No,Low
2026-01-12,Industrial,520,Car,Sunny,33,59.2,No,Yes,Low
2025-11-28,Airport,299,Bike,Cloudy,27,64.0,No,No,Low
2024-04-27,North,955,Bus,Sunny,39,35.8,No,No,High
2024-04-21,Downtown,666,Bike,Sunny,29,58.4,No,No,Low
2025-11-26,West,296,Bike,Cloudy,29,66.2,No,No,Low
2025-05-29,North,581,Bus,Rainy,22,57.8,No,No,Low
2024-05-11,North,823,Truck,Sunny,39,44.1,No,No,Medium
2024-01-26,North,703,Truck,Sunny,23,48.9,No,No,Low
2024-09-25,East,752,Bike,Sunny,22,56.9,Yes,No,Medium
2024-11-24,Airport,433,Bike,Sunny,33,56.7,Yes,No,Medium
2026-01-03,South,215,Bus,Sunny,30,64.4,No,No,Low
2026-05-11,Downtown,581,Truck,Rainy,21,60.8,Yes,No,Medium
2024-10-11,North,623,Bike,Rainy,26,49.1,No,No,Medium
2026-03-25,Downtown,724,Car,Cloudy,25,57.0,No,No,Low
2025-09-29,East,426,Car,Sunny,38,64.0,No,No,Low
2025-09-06,South,1037,Truck,Rainy,41,46.5,No,No,Medium
2026-05-07,East,391,Car,Rainy,22,60.4,No,No,Low
2025-09-13,East,1139,Bike,Foggy,27,27.4,No,No,High
2024-08-07,North,512,Bus,Sunny,19,60.5,No,No,Low
2024-07-30,South,1139,Bus,Rainy,33,41.4,No,No,Medium
2024-01-07,North,474,Bike,Sunny,29,53.0,No,No,Low
2025-01-21,North,643,Bus,Sunny,38,49.3,No,No,Medium
2026-04-28,East,562,Bus,Cloudy,22,55.5,No,No,Low
2024-07-29,South,932,Truck,Cloudy,23,35.7,No,No,Medium
2025-02-14,Downtown,485,Truck,Cloudy,24,60.6,No,No,Low
2024-12-14,South,444,Car,Sunny,31,58.2,No,No,Low
2024-07-04,Airport,908,Bike,Rainy,33,44.7,No,No,High
2025-12-28,Airport,666,Bike,Sunny,40,55.4,No,No,Medium
2024-12-24,Airport,717,Truck,Cloudy,25,49.3,No,No,Low
2024-08-01,Industrial,630,Bike,Sunny,32,61.8,No,No,Low
2025-05-14,North,518,Truck,Rainy,42,66.3,No,No,Low
2025-09-01,South,987,Bus,Rainy,35,41.5,Yes,No,High
2025-03-18,North,150,Bus,Cloudy,30,66.0,No,Yes,Low
2024-04-06,North,438,Car,Sunny,27,60.5,Yes,No,Medium
2024-09-14,North,937,Car,Sunny,18,46.5,Yes,No,Medium
2026-03-30,Airport,823,Bike,Rainy,39,41.1,No,Yes,Medium
2025-05-07,Industrial,981,Car,Sunny,32,44.8,No,No,Medium
2024-07-04,Industrial,355,Bike,Sunny,32,66.8,No,No,Low
2025-11-21,South,589,Bike,Cloudy,26,63.4,No,No,Low
2025-11-11,South,97,Bike,Cloudy,32,71.1,No,No,Low
2024-11-11,Downtown,484,Bike,Cloudy,41,65.6,No,No,Low
2024-12-14,West,903,Bike,Rainy,28,50.9,No,Yes,Medium
2024-12-21,East,529,Truck,Rainy,31,65.8,No,No,Low
2024-06-21,North,571,Bike,Sunny,42,61.2,No,No,Low
2026-01-23,East,703,Bike,Sunny,26,45.9,No,No,Low
2024-12-28,North,399,Truck,Rainy,38,60.0,No,No,Low
2024-01-25,East,967,Bike,Sunny,26,49.3,No,No,Medium
2025-02-11,Industrial,367,Truck,Sunny,29,58.3,No,Yes,Low
2025-06-21,North,300,Bus,Sunny,36,63.0,No,No,Low
2025-02-20,South,583,Car,Cloudy,33,54.7,No,No,Low
2026-04-02,South,837,Car,Rainy,40,38.5,No,No,Medium
2024-04-15,North,765,Bike,Sunny,38,47.4,No,No,Low
2024-10-25,South,692,Bike,Sunny,30,45.3,No,No,Low
2024-08-11,North,979,Bike,Sunny,19,41.8,No,No,Low
2024-02-24,North,753,Bike,Sunny,39,44.9,No,No,Low
2024-11-02,West,521,Bike,Cloudy,24,51.2,No,No,Low
2024-03-30,North,931,Truck,Sunny,33,40.8,No,No,Medium
2024-01-24,Airport,693,Bus,Sunny,41,60.3,No,No,Low
2024-12-08,Downtown,222,Bike,Sunny,39,68.1,No,No,Low
2026-06-23,Downtown,585,Bus,Cloudy,26,64.6,No,No,Low
2025-11-19,Industrial,638,Bus,Rainy,34,56.5,No,No,Medium
2026-03-08,West,582,Car,Rainy,38,48.7,No,No,Low
2024-09-30,Downtown,646,Bike,Cloudy,27,54.2,No,No,Medium
2024-07-19,South,527,Truck,Cloudy,39,50.9,No,No,Low
2026-06-17,North,723,Bike,Sunny,21,59.1,Yes,Yes,Medium
2026-03-21,Airport,674,Truck,Sunny,41,61.0,No,No,Low
2024-09-24,West,968,Truck,Foggy,23,47.3,Yes,No,High
2025-03-22,Airport,913,Truck,Sunny,21,40.5,No,No,Medium
2026-05-03,North,402,Bike,Sunny,23,67.9,No,No,Low
2024-09-28,Downtown,326,Bike,Cloudy,26,64.0,No,No,Low
2024-08-01,Downtown,986,Bus,Rainy,20,42.6,No,No,Medium
2024-01-23,North,1167,Car,Cloudy,42,37.3,No,No,High
2024-05-09,West,490,Car,Rainy,19,68.4,No,Yes,Low
2025-12-26,West,867,Truck,Sunny,24,53.3,No,No,Low
2024-10-04,Industrial,648,Truck,Sunny,20,61.1,No,No,Low
2026-05-30,Airport,289,Bus,Sunny,29,70.4,No,No,Low
2026-06-10,Industrial,821,Bike,Cloudy,39,49.2,No,No,Low
2025-08-28,Downtown,612,Car,Cloudy,37,56.5,No,No,Low
2026-01-29,East,492,Car,Cloudy,42,61.3,No,No,Low
2026-01-27,Airport,579,Truck,Rainy,26,57.8,No,No,Low
2024-08-31,East,978,Bike,Cloudy,37,38.9,No,No,Medium
2026-05-31,West,450,Car,Rainy,39,68.0,No,No,Low
2024-11-03,Industrial,630,Bike,Rainy,23,49.8,No,No,Medium
2024-08-10,North,818,Truck,Rainy,37,40.3,No,No,Low
2025-05-20,South,938,Truck,Rainy,27,47.5,No,No,Medium
2024-09-28,East,950,Bike,Sunny,31,49.0,No,No,Low
2024-06-06,West,495,Bus,Sunny,32,60.2,No,Yes,Low
2026-01-21,South,504,Car,Rainy,33,66.8,No,No,Low
2025-01-04,South,920,Truck,Rainy,21,36.2,No,No,Medium
2024-12-13,South,968,Bus,Rainy,28,46.3,No,No,Medium
2024-05-05,Industrial,996,Bus,Sunny,33,45.2,No,No,Medium
2025-06-05,Airport,280,Truck,Rainy,36,76.8,No,No,Low
2026-02-16,South,685,Bus,Sunny,39,54.6,No,No,Low
2024-04-05,West,864,Bike,Cloudy,19,44.4,No,No,Low
2025-11-15,Downtown,522,Truck,Cloudy,29,57.1,No,Yes,Low
2024-03-21,South,866,Bus,Sunny,19,43.4,No,No,Low
2025-12-25,East,852,Bus,Cloudy,39,44.9,No,Yes,Medium
2025-07-27,West,863,Bus,Rainy,35,53.5,No,No,Medium
2024-10-17,Downtown,507,Bike,Rainy,26,51.7,No,No,Medium
2024-08-26,Industrial,662,Car,Sunny,31,53.5,No,No,Low
2026-01-15,South,424,Car,Sunny,39,70.0,No,No,Low
2026-04-20,North,909,Bike,Cloudy,39,50.6,No,No,Medium
2026-04-24,West,601,Bus,Sunny,27,54.0,No,No,Medium
2025-09-23,North,885,Car,Rainy,27,42.6,No,No,Medium
2024-10-12,Industrial,964,Bike,Rainy,35,45.4,Yes,No,High
2026-02-23,East,1054,Bike,Cloudy,21,34.8,No,No,Medium
2025-08-13,Industrial,410,Bus,Sunny,19,61.6,No,No,Low
2025-05-12,Airport,692,Truck,Sunny,24,59.3,No,No,Low
2025-12-24,East,629,Bus,Sunny,36,56.8,No,No,Low
2025-11-09,Airport,195,Truck,Rainy,39,75.2,No,No,Low
2024-03-09,East,384,Bike,Cloudy,37,69.6,No,No,Low
2024-06-18,South,364,Bike,Sunny,26,58.4,No,No,Low
2024-10-25,Industrial,212,Bike,Sunny,29,70.5,No,No,Low
2024-03-25,Downtown,603,Truck,Cloudy,31,50.9,No,No,Low
2024-08-17,South,431,Car,Cloudy,23,70.8,No,No,Low
2025-03-09,North,497,Bus,Rainy,19,58.1,No,No,Low
2025-07-15,East,1144,Car,Rainy,20,41.2,No,No,Medium
2024-02-09,North,510,Car,Cloudy,38,64.6,No,No,Low
2025-09-24,South,703,Bus,Cloudy,37,46.9,No,No,Low
2024-08-08,Airport,737,Bus,Sunny,33,53.5,Yes,No,Medium
2024-08-14,Downtown,273,Car,Cloudy,22,75.1,No,No,Low
2024-12-13,Downtown,492,Truck,Foggy,19,54.3,No,No,Medium
2024-05-09,North,295,Car,Sunny,19,66.2,No,No,Low
2024-03-29,South,444,Car,Sunny,28,67.2,No,No,Low
2024-05-22,North,881,Bike,Cloudy,32,39.8,Yes,No,Medium
2024-01-08,Airport,432,Bike,Cloudy,28,56.7,No,Yes,Low
2024-03-26,Downtown,399,Bike,Cloudy,23,62.0,No,No,Low
2026-04-02,North,1015,Car,Cloudy,41,41.4,No,No,Low
2026-06-10,East,1038,Car,Rainy,21,37.5,No,No,Medium
2024-05-31,East,767,Truck,Sunny,39,44.3,No,No,Medium
2024-01-26,Downtown,865,Truck,Sunny,28,53.4,No,No,Low
2026-03-08,Downtown,395,Bus,Sunny,25,62.2,No,No,Low
2024-01-07,Industrial,209,Truck,Cloudy,19,72.6,No,No,Low
2025-02-19,East,462,Bike,Sunny,32,61.5,No,No,Low
2024-03-03,South,911,Bus,Cloudy,24,50.6,No,No,Low
2025-04-04,South,187,Bike,Cloudy,29,67.5,No,No,Low
2026-01-27,Airport,779,Bus,Sunny,39,51.8,No,No,Medium
2024-03-26,Airport,517,Bus,Sunny,24,66.3,No,No,Low
2025-06-15,Airport,959,Truck,Rainy,40,44.6,No,Yes,Medium
2026-01-27,North,438,Truck,Cloudy,30,62.5,No,No,Low
2024-07-03,West,321,Truck,Sunny,32,64.2,No,No,Low
2024-01-27,Industrial,757,Bike,Rainy,35,41.7,No,No,Low
2024-01-28,East,331,Car,Cloudy,36,60.8,No,Yes,Low
2024-02-20,North,914,Bike,Cloudy,29,51.4,No,No,Medium
2025-04-21,Airport,583,Car,Sunny,40,52.7,No,No,Low
2024-04-17,East,851,Bike,Sunny,24,49.0,No,Yes,Low
2025-12-13,Downtown,543,Bus,Sunny,21,62.3,No,No,Low
2026-05-26,Industrial,448,Bike,Rainy,37,55.1,No,No,Low
2025-05-22,East,955,Bike,Rainy,31,39.8,No,No,High
2025-07-08,North,686,Car,Cloudy,27,51.6,No,No,Low
2026-06-03,Industrial,789,Truck,Cloudy,29,55.4,No,No,Low
2024-06-30,Airport,549,Car,Rainy,30,53.0,No,No,Low
2025-01-25,West,499,Car,Cloudy,24,53.0,No,No,Low
2025-10-04,Airport,206,Bike,Cloudy,34,78.8,No,Yes,Low
2024-08-25,Airport,1001,Truck,Sunny,37,47.0,Yes,No,High
2025-05-06,Downtown,335,Bus,Cloudy,36,69.6,No,No,Low
2025-04-07,North,872,Bus,Sunny,32,47.1,No,No,Low
2026-03-23,Industrial,1064,Truck,Cloudy,42,30.4,No,No,Medium
2024-11-29,Industrial,539,Bike,Rainy,32,52.4,No,No,Low
2025-11-16,South,486,Truck,Sunny,20,62.6,No,No,Low
2024-12-26,North,349,Bike,Sunny,41,69.0,No,No,Low
2025-10-21,North,532,Truck,Sunny,30,66.7,No,No,Low
2024-11-18,East,537,Truck,Sunny,26,53.5,No,No,Low
2026-03-15,Downtown,485,Truck,Sunny,33,58.6,No,No,Low
2024-10-12,Downtown,1052,Car,Sunny,35,42.9,No,No,Medium
2025-09-29,North,721,Bus,Rainy,29,49.2,No,No,Medium
2024-11-10,Downtown,483,Car,Sunny,24,63.7,Yes,No,Medium
2024-02-24,Airport,328,Bike,Sunny,30,68.9,No,No,Low
2024-10-17,Downtown,697,Bus,Foggy,26,49.1,No,No,Medium
2025-11-10,South,997,Car,Cloudy,25,39.1,No,No,Medium
2025-01-29,Airport,869,Truck,Rainy,41,50.2,No,No,Low
2026-03-26,West,688,Car,Sunny,21,54.5,No,No,Low
2024-03-17,Airport,915,Car,Rainy,27,50.4,No,Yes,Medium
2025-02-12,West,908,Car,Rainy,20,45.7,No,No,Medium
2024-05-04,Industrial,677,Bus,Sunny,22,46.9,No,No,Low
2025-03-17,West,684,Car,Sunny,41,49.6,No,No,Medium
2024-03-01,North,893,Truck,Cloudy,21,39.3,No,No,Medium
2024-06-12,West,381,Truck,Cloudy,42,72.8,No,No,Low
2025-12-11,West,218,Bus,Cloudy,28,66.3,No,No,Low
2026-04-20,Downtown,679,Bike,Sunny,34,53.8,Yes,Yes,Medium
2025-09-25,West,652,Bike,Sunny,40,59.9,No,No,Low
2026-03-29,North,745,Bike,Cloudy,21,50.2,No,No,Medium
2024-05-06,Airport,328,Bus,Rainy,21,59.9,Yes,No,High
2024-11-18,Downtown,402,Truck,Sunny,25,63.9,No,No,Low
2026-01-14,Industrial,766,Truck,Sunny,20,46.4,No,No,Low
2024-05-22,Airport,639,Truck,Sunny,19,58.4,No,No,Low
2024-11-14,Industrial,966,Bus,Cloudy,36,48.4,No,No,Medium
2025-12-26,South,858,Car,Foggy,33,41.7,No,No,Low
2024-02-10,South,581,Bus,Rainy,25,49.8,Yes,No,Medium
2026-05-24,Industrial,562,Bike,Foggy,22,54.5,No,No,Low
2024-12-20,East,1173,Bus,Cloudy,42,32.1,No,No,High
2025-07-18,North,698,Bus,Cloudy,34,56.1,No,No,Low
2025-11-17,Airport,170,Bike,Cloudy,41,70.2,Yes,No,Medium
2024-12-26,North,327,Car,Cloudy,20,71.9,No,No,Low
2025-08-30,Downtown,415,Bus,Sunny,19,70.4,No,No,Low
2025-05-22,Downtown,462,Truck,Cloudy,30,64.5,No,No,Low
2025-01-21,Industrial,506,Bike,Sunny,18,62.8,No,Yes,Low
2025-09-17,South,666,Truck,Sunny,36,48.4,No,No,Low
2026-04-16,Downtown,441,Truck,Cloudy,31,65.4,No,No,Low
2026-02-04,Downtown,396,Bike,Cloudy,31,67.2,No,No,Low
2024-01-11,Downtown,264,Truck,Sunny,22,69.4,No,No,Low
2025-03-05,Airport,918,Bike,Rainy,24,41.3,No,No,High
2024-04-24,Downtown,914,Bike,Sunny,37,42.4,No,No,Medium
2026-05-31,East,1002,Truck,Rainy,23,41.9,No,No,High
2025-03-09,Airport,510,Bus,Sunny,24,51.6,No,No,Low
2025-05-30,North,617,Car,Rainy,36,47.3,No,No,Low
2024-08-28,West,995,Car,Sunny,29,33.2,No,No,Medium
2024-05-12,North,140,Truck,Sunny,32,82.4,No,No,Low
2025-03-08,Industrial,197,Bike,Cloudy,23,79.1,No,No,Low
2024-08-02,Downtown,853,Truck,Sunny,24,46.9,No,No,Low
2024-05-12,East,50,Truck,Sunny,30,70.0,Yes,Yes,Medium
2024-04-23,North,208,Truck,Sunny,27,78.7,No,No,Low
2025-12-02,Industrial,568,Bus,Cloudy,40,51.3,No,No,Low
2025-01-21,West,734,Bike,Rainy,33,56.6,No,No,Medium
2026-06-04,West,510,Bike,Cloudy,37,58.6,No,Yes,Low
2025-04-12,Airport,458,Bus,Sunny,26,61.7,No,No,Low
2024-12-15,East,376,Car,Cloudy,25,57.0,No,No,Low
2025-08-15,Airport,640,Truck,Rainy,21,61.4,No,Yes,Medium
2025-06-06,North,764,Car,Rainy,39,45.4,No,No,Low
2025-01-05,West,1017,Bus,Rainy,39,39.3,No,No,Medium
2025-02-24,South,881,Bike,Rainy,41,38.8,No,Yes,Medium
2024-07-20,Industrial,813,Truck,Sunny,39,49.5,No,No,Low
2025-11-20,South,858,Car,Cloudy,36,51.7,No,No,Low
2025-12-16,West,281,Bus,Cloudy,21,61.8,No,No,Low
2026-03-09,Industrial,760,Car,Rainy,27,43.6,No,Yes,Low
2026-03-12,East,303,Car,Cloudy,40,67.9,No,No,Low
2026-06-28,South,322,Bike,Sunny,26,63.1,No,No,Low
2024-11-03,Industrial,308,Truck,Cloudy,18,73.7,No,No,Low
2026-03-08,North,417,Bus,Sunny,39,55.3,No,No,Low
2024-09-07,Airport,722,Bike,Cloudy,37,51.1,No,No,Medium
2026-04-10,Airport,490,Bus,Cloudy,25,66.4,No,Yes,Low
2025-10-01,West,334,Bus,Sunny,32,74.6,No,No,Low
2024-04-17,Downtown,334,Car,Cloudy,22,66.6,No,No,Low
2025-12-06,Downtown,123,Car,Sunny,33,74.1,No,No,Low
2024-09-04,North,297,Bus,Sunny,27,70.1,No,No,Low
2025-01-24,Downtown,609,Bus,Sunny,21,50.6,No,Yes,Medium
2026-05-06,North,874,Car,Sunny,30,43.0,No,No,Low
2026-03-13,Airport,943,Bus,Sunny,23,47.3,No,No,Medium
2025-10-31,Airport,824,Truck,Rainy,28,42.0,No,No,Medium
2024-04-21,Industrial,676,Truck,Sunny,20,55.0,No,No,Low
2024-08-02,West,257,Bus,Sunny,29,64.7,No,No,Low
2026-05-21,Airport,817,Truck,Foggy,24,50.3,No,No,Medium
2024-08-23,Downtown,485,Bus,Rainy,38,68.6,No,No,Low
2024-12-10,South,1107,Car,Rainy,36,41.7,No,No,Medium
2025-01-04,North,798,Truck,Sunny,33,49.1,No,No,Low
2025-08-02,Airport,507,Bus,Sunny,19,63.7,No,No,Low
2025-06-28,East,638,Truck,Cloudy,32,57.5,No,No,Low
2025-05-23,North,350,Truck,Rainy,30,61.0,No,No,Low
2024-05-04,Downtown,858,Bike,Sunny,29,50.7,No,No,Low
2024-04-04,West,654,Bus,Sunny,18,49.8,No,No,Low
2024-05-19,Airport,293,Car,Rainy,30,64.3,No,No,Low
2024-03-01,Industrial,392,Truck,Sunny,34,60.3,No,No,Low
2025-07-24,North,929,Bus,Sunny,26,42.8,No,No,Medium
2026-03-28,Industrial,522,Truck,Rainy,34,65.1,No,No,Low
2026-01-13,Industrial,833,Truck,Cloudy,32,54.7,No,No,Low
2024-05-15,South,313,Car,Sunny,39,71.5,No,No,Low
2025-04-17,Industrial,664,Car,Rainy,41,56.4,Yes,No,Medium
2024-03-23,East,306,Bus,Cloudy,29,63.8,No,No,Low
2025-06-28,North,752,Car,Cloudy,28,46.9,No,No,Medium
2026-01-05,Airport,356,Bike,Cloudy,37,65.8,No,No,Low
2026-02-09,East,1089,Bus,Rainy,24,33.4,No,No,Medium
2026-04-24,Downtown,74,Car,Sunny,23,75.0,No,Yes,Low
2025-12-14,West,301,Bike,Foggy,33,71.0,No,No,Low
2024-09-11,South,580,Bus,Sunny,35,48.8,No,No,Low
2025-01-05,West,320,Bus,Rainy,25,74.2,No,No,Low
2026-06-29,Industrial,996,Truck,Cloudy,23,46.2,No,Yes,Medium
2025-09-13,Downtown,581,Bus,Sunny,19,53.8,Yes,No,Low
2025-07-28,East,1021,Car,Rainy,36,42.2,No,No,Medium
2024-09-08,Industrial,525,Truck,Cloudy,24,61.0,No,No,Low
2026-03-09,Industrial,440,Bike,Rainy,37,59.4,No,No,Low
2024-01-15,West,547,Car,Rainy,27,60.1,No,No,Low
2024-06-22,Downtown,619,Bus,Rainy,35,58.2,No,Yes,Medium
2025-12-18,South,236,Truck,Rainy,42,72.6,No,Yes,Low
2024-10-30,North,741,Bus,Sunny,22,58.4,No,No,Low
2024-12-13,Downtown,987,Truck,Rainy,25,40.5,No,No,Medium
2024-02-17,South,495,Bike,Sunny,39,61.2,No,No,Low
2026-06-09,South,560,Car,Sunny,42,57.6,No,No,Low
2025-03-28,West,744,Bike,Cloudy,40,52.2,No,No,Low
2024-10-04,Airport,934,Car,Sunny,32,47.6,No,No,Medium
2024-04-03,West,397,Bus,Cloudy,28,71.1,No,No,Low
2024-03-15,West,1043,Bus,Rainy,29,46.3,No,No,Medium
2024-09-21,West,774,Car,Sunny,38,53.0,Yes,Yes,Medium
2024-03-10,South,818,Bike,Rainy,40,40.3,No,No,Medium
2025-11-15,East,766,Bus,Foggy,29,56.4,No,No,Medium
2024-03-15,Downtown,618,Car,Cloudy,36,50.3,No,No,Low
2024-08-27,South,812,Bus,Sunny,36,39.5,Yes,No,High
2025-05-17,East,524,Car,Cloudy,26,58.0,No,No,Low
2024-12-12,North,895,Truck,Sunny,39,50.2,No,No,Low
2026-04-15,East,253,Car,Sunny,30,69.9,No,Yes,Low
2024-09-10,Downtown,604,Truck,Rainy,33,56.8,No,Yes,Medium
2025-01-31,Downtown,553,Bike,Sunny,23,60.9,No,No,Low
2025-12-25,Airport,736,Car,Rainy,34,45.6,No,No,Medium
2024-06-01,Industrial,639,Bike,Sunny,29,48.4,No,No,Low
2024-04-21,West,257,Bike,Sunny,36,66.7,No,No,Low
2024-07-28,West,985,Bus,Sunny,32,35.6,Yes,No,High
2026-05-31,Industrial,526,Car,Sunny,42,65.0,No,No,Low
2024-03-13,South,262,Car,Rainy,30,71.5,No,No,Low
2025-07-15,West,851,Car,Rainy,27,50.0,No,No,Medium
2026-03-16,Airport,810,Bike,Rainy,30,47.6,No,No,Medium
2025-02-07,South,353,Bus,Sunny,38,70.9,No,No,Low
2024-12-03,Downtown,701,Bike,Sunny,34,48.0,No,No,Medium
2025-07-25,North,520,Bike,Sunny,18,62.2,No,No,Low
2025-02-28,West,650,Bike,Rainy,39,47.0,No,No,Medium
2026-03-30,South,550,Bike,Rainy,25,52.0,No,No,Low
2024-09-10,Downtown,247,Bus,Foggy,18,65.1,No,No,Medium
2024-09-26,East,482,Truck,Sunny,33,56.7,No,No,Low
2024-12-30,East,407,Car,Sunny,32,69.7,No,No,Low
2024-08-04,East,391,Bus,Cloudy,39,67.4,No,No,Low
2025-03-10,North,1313,Bus,Rainy,29,32.5,No,No,High
2024-03-10,West,338,Bus,Sunny,40,61.5,No,No,Low
2024-05-12,West,540,Truck,Cloudy,36,59.4,No,No,Low
2025-03-17,Airport,824,Car,Cloudy,33,40.0,No,No,Low
2026-04-12,Industrial,719,Bike,Rainy,37,47.2,Yes,No,Medium
2024-07-11,East,911,Bus,Sunny,29,36.6,No,No,Medium
2024-12-26,North,343,Truck,Rainy,23,61.3,No,No,Low
2024-12-10,North,292,Bus,Cloudy,34,66.3,No,No,Low
2025-01-27,North,421,Car,Foggy,33,71.2,Yes,Yes,Medium
2024-03-08,North,426,Car,Sunny,42,70.0,No,No,Low
2025-01-12,West,941,Bus,Rainy,19,48.4,No,No,Medium
2024-05-23,Downtown,491,Truck,Rainy,37,67.4,Yes,No,Medium
2025-11-16,North,981,Truck,Rainy,42,39.8,No,No,High
2025-03-22,South,376,Bike,Sunny,33,67.0,No,No,Low
2025-07-24,East,822,Car,Sunny,28,45.1,No,No,Medium
2026-02-01,South,309,Bus,Cloudy,20,62.6,No,Yes,Low
2026-06-24,Industrial,948,Bus,Cloudy,41,44.1,No,No,Medium
2024-07-04,East,1078,Bus,Sunny,22,29.9,No,No,Medium
2025-04-05,West,974,Car,Sunny,36,44.0,No,No,Medium
2025-04-18,South,296,Bus,Sunny,39,61.2,No,No,Low
2026-05-26,Industrial,234,Truck,Cloudy,26,70.6,No,Yes,Low
2025-02-05,South,985,Bus,Rainy,31,40.6,No,No,Medium
2024-06-09,Downtown,650,Car,Cloudy,32,62.0,No,No,Low
2024-11-22,West,819,Car,Rainy,32,54.2,No,No,Low
2024-02-27,North,909,Truck,Sunny,19,41.6,No,Yes,Medium
2024-12-16,Airport,453,Bike,Cloudy,28,64.9,No,No,Low
2025-02-27,North,734,Truck,Foggy,26,48.6,No,No,Medium
2024-07-07,Airport,673,Bike,Sunny,31,47.1,No,No,Low
2024-10-30,Industrial,338,Bus,Sunny,28,74.5,No,No,Low
2024-04-20,East,561,Bike,Sunny,36,62.6,No,No,Low
2024-02-12,Industrial,883,Bus,Sunny,30,52.7,No,No,Low
2025-10-14,Downtown,417,Bus,Sunny,41,66.3,No,No,Low
2025-08-24,Airport,175,Bus,Cloudy,31,67.0,No,No,Low
2024-05-27,North,487,Car,Sunny,20,67.5,Yes,No,Medium
2024-07-02,North,471,Car,Sunny,42,59.2,No,No,Low
2024-06-05,Industrial,741,Truck,Sunny,27,46.4,No,No,Medium
2024-09-23,Airport,690,Bike,Cloudy,24,58.4,No,No,Medium
2024-08-05,South,616,Bike,Sunny,32,56.4,Yes,No,Medium
2025-02-12,East,900,Truck,Cloudy,18,45.0,No,No,Low
2025-06-14,North,330,Truck,Rainy,36,71.8,No,Yes,Low
2025-08-07,East,289,Bike,Cloudy,42,74.4,No,No,Low
2025-05-14,South,858,Bike,Rainy,23,45.7,No,No,Medium
2024-06-30,Industrial,587,Bus,Sunny,31,51.5,No,No,Low
2024-12-27,West,388,Bike,Sunny,34,72.5,No,Yes,Low
2025-01-30,West,1026,Bike,Rainy,26,39.0,No,No,Medium
2026-02-11,Airport,871,Truck,Sunny,28,39.2,No,No,Medium
2025-11-14,Downtown,804,Bus,Cloudy,25,42.8,No,No,Low
2025-08-16,South,571,Bike,Sunny,24,56.2,No,Yes,Low
2025-07-18,Airport,286,Bus,Sunny,24,71.6,No,No,Low
2024-02-01,North,516,Bus,Cloudy,24,63.4,No,No,Low
2025-11-26,Airport,309,Car,Cloudy,19,62.6,No,No,Low
2025-09-01,North,455,Car,Rainy,18,67.8,No,No,Low
2025-10-12,West,786,Car,Sunny,36,42.6,No,Yes,Low
2025-01-20,Airport,603,Bus,Rainy,26,63.9,No,No,Medium
2024-04-26,South,816,Truck,Rainy,21,40.4,No,No,Medium
2025-04-08,East,125,Bus,Cloudy,26,74.0,Yes,No,Medium
2024-01-10,North,439,Truck,Cloudy,24,66.4,No,No,Low
2024-01-26,Airport,947,Bus,Sunny,22,45.1,No,No,Medium
2025-12-29,North,313,Truck,Sunny,20,62.5,No,No,Low
2025-04-23,Industrial,761,Truck,Sunny,23,41.6,No,No,Low
2026-02-06,East,714,Car,Sunny,41,47.4,No,No,Medium
2024-01-08,Downtown,615,Truck,Sunny,23,54.4,No,No,Low
2024-06-23,West,437,Truck,Sunny,28,54.5,No,No,Low
2025-11-20,Airport,827,Bus,Sunny,19,38.9,No,No,Medium
2024-11-26,West,532,Truck,Cloudy,33,57.7,No,No,Low
2025-05-31,East,310,Bike,Sunny,25,73.6,No,Yes,Low
2024-10-06,Airport,88,Car,Sunny,40,83.5,No,No,Low
2025-03-28,Industrial,116,Bike,Sunny,36,74.4,No,No,Low
2024-01-12,Downtown,588,Bus,Sunny,24,48.5,Yes,No,Low
2026-06-26,Downtown,479,Truck,Sunny,20,67.8,No,No,Low
2026-05-26,Industrial,655,Car,Cloudy,29,58.8,No,No,Medium
2025-07-23,Industrial,706,Car,Sunny,19,43.8,No,No,Low
2025-10-11,Industrial,966,Car,Rainy,21,36.4,No,No,Medium
2026-02-10,Industrial,461,Bike,Cloudy,31,63.6,No,No,Low
2024-10-01,Industrial,688,Car,Sunny,21,53.5,No,Yes,Low
2024-03-17,Airport,497,Car,Sunny,18,63.1,No,No,Low
2024-11-08,Airport,844,Bus,Sunny,24,39.2,No,No,Medium
2024-12-27,Industrial,610,Bus,Cloudy,25,63.6,No,No,Low
2024-06-27,West,706,Bus,Sunny,39,48.8,No,No,Low
2024-01-31,West,751,Bike,Cloudy,34,54.0,No,No,Low
2025-06-30,North,845,Bike,Sunny,42,49.2,No,No,Low
2025-12-28,Downtown,787,Bike,Cloudy,22,50.5,No,No,Low
2026-04-30,Downtown,381,Bike,Cloudy,31,64.8,No,Yes,Low
2024-04-29,North,636,Car,Sunny,40,59.6,No,No,Low
2025-02-14,West,420,Bike,Sunny,19,63.2,No,No,Low
2025-01-06,Industrial,165,Truck,Sunny,20,79.4,No,No,Low
2024-09-28,South,1027,Truck,Cloudy,20,39.9,No,No,Medium
2026-05-26,East,204,Bus,Cloudy,37,76.8,No,No,Low
2026-02-09,West,1014,Bus,Rainy,36,47.4,No,No,Medium
2024-06-26,Industrial,842,Bus,Sunny,34,41.3,No,No,Low
2024-09-02,East,461,Truck,Rainy,38,69.6,No,No,Low
2026-05-27,West,974,Bus,Rainy,32,41.0,Yes,No,High
2026-01-27,Downtown,942,Car,Sunny,25,46.3,No,No,Medium
2024-11-11,Downtown,1124,Car,Rainy,31,39.0,Yes,No,High
2026-01-12,Airport,414,Bike,Sunny,21,57.4,No,No,Low
2025-05-17,Industrial,504,Car,Sunny,42,53.8,No,Yes,Low
2025-08-18,Downtown,496,Bus,Sunny,20,52.2,No,No,Low
2026-02-18,East,455,Bus,Cloudy,34,57.8,No,No,Low
2024-06-25,East,449,Car,Sunny,22,68.0,No,No,Low
2025-02-08,West,739,Bike,Cloudy,19,51.4,Yes,No,Medium
2024-10-11,South,672,Bike,Sunny,23,58.1,No,No,Low
2026-01-05,South,1006,Bus,Cloudy,37,39.8,No,No,Medium
2024-11-27,Industrial,811,Bike,Sunny,42,44.6,No,No,Medium
2024-08-23,South,824,Bike,Cloudy,38,45.0,No,No,Low
2025-03-30,East,868,Truck,Rainy,24,40.3,No,No,Medium
2024-01-05,West,569,Car,Foggy,41,53.2,No,No,Medium
2024-12-30,East,563,Bike,Sunny,24,63.5,No,Yes,Low
2024-01-18,Airport,411,Car,Rainy,27,60.6,No,No,Low
2025-01-23,South,742,Car,Cloudy,26,51.3,No,No,Low
2025-05-28,Industrial,778,Bus,Sunny,26,55.9,No,No,Low
2026-02-21,South,749,Car,Rainy,39,52.0,No,No,Medium
2024-08-16,West,438,Truck,Rainy,23,63.5,No,No,Low
2025-04-13,Downtown,881,Car,Cloudy,23,41.8,No,No,Medium
2024-10-07,Airport,813,Bike,Sunny,30,40.5,No,No,Low
2024-03-02,West,418,Truck,Sunny,26,57.3,Yes,No,Medium
2024-10-16,West,425,Truck,Cloudy,35,61.0,No,No,Low
2026-06-10,Industrial,378,Bus,Sunny,27,69.9,No,No,Low
2024-01-23,West,676,Truck,Sunny,26,47.0,No,No,Medium
2025-09-05,East,905,Bus,Sunny,29,41.8,No,No,Medium
2025-12-09,South,291,Car,Rainy,30,66.4,No,No,Low
2024-03-03,South,513,Truck,Sunny,38,56.5,No,No,Low
2025-10-07,Downtown,1172,Bus,Cloudy,23,27.1,Yes,No,High
2025-08-17,East,753,Bike,Cloudy,25,55.9,No,No,Low
2024-11-14,South,210,Truck,Cloudy,34,73.6,No,Yes,Low
2024-07-25,Industrial,607,Car,Sunny,24,58.7,No,Yes,Low
2024-08-28,West,363,Bus,Sunny,20,59.5,No,No,Low
2025-11-01,South,405,Car,Cloudy,31,68.8,No,No,Low
2025-01-29,Industrial,581,Car,Sunny,27,64.8,No,No,Low
2025-03-23,East,315,Truck,Cloudy,39,73.4,No,No,Low
2024-02-25,South,455,Car,Sunny,23,54.8,No,No,Low
2024-08-22,West,382,Bus,Cloudy,35,64.7,No,No,Low
2026-02-23,Downtown,1187,Truck,Rainy,39,26.5,No,No,High
2024-10-09,Industrial,594,Truck,Foggy,22,48.2,No,No,Low
2024-09-21,North,814,Truck,Rainy,41,54.4,No,No,Medium
2025-01-09,East,968,Car,Rainy,33,44.3,No,No,Medium
2024-05-07,East,521,Bike,Rainy,42,66.2,No,No,Low
2026-02-15,Downtown,667,Bus,Rainy,40,47.3,Yes,No,High
2025-05-10,Airport,341,Bike,Sunny,39,71.4,No,No,Low
2024-08-14,Downtown,680,Bike,Cloudy,20,52.8,No,No,Low
2025-05-07,East,488,Truck,Sunny,39,56.5,No,No,Low
2026-02-11,Industrial,713,Truck,Rainy,31,59.5,No,No,Low
2024-12-21,East,362,Car,Cloudy,31,70.5,No,No,Low
2025-07-27,Downtown,897,Bus,Sunny,31,46.1,No,No,Medium
2026-06-22,Downtown,508,Bike,Sunny,36,57.7,No,No,Low
2024-05-14,Downtown,360,Bus,Sunny,22,70.6,No,No,Low
2025-04-06,West,739,Bike,Cloudy,36,55.4,No,No,Low
2024-03-28,North,548,Car,Sunny,40,55.1,Yes,No,Medium
2026-02-19,Industrial,320,Car,Sunny,21,68.2,Yes,No,Medium
2025-08-23,Downtown,855,Bike,Sunny,20,53.8,No,No,Low
2024-09-06,Industrial,291,Car,Rainy,30,64.4,No,No,Low
2024-07-16,North,620,Truck,Sunny,33,59.2,No,No,Medium
2026-01-18,Airport,975,Truck,Rainy,18,39.0,No,Yes,High
2025-04-25,North,868,Bus,Sunny,27,43.3,No,No,Low
2024-05-10,North,988,Truck,Rainy,40,32.5,No,No,High
2026-05-04,Industrial,1047,Bike,Rainy,28,43.1,No,No,Medium
2025-11-08,South,309,Bus,Rainy,40,64.6,No,No,Medium
